step,load,iter,du_abs,dd_abs,err_u,err_d,max_d,linear_solver_elastic,linear_solver_phase,linear_niter_elastic,linear_niter_phase,linear_converged_elastic,linear_converged_phase,linear_cb_res_elastic,linear_cb_res_phase,linear_res_elastic,linear_res_phase,t_iter_s
0,0.0,1,0.0,0.0,0.0,0.0,0.0,_default_spsolve,_default_spsolve,1,1,True,True,nan,nan,0.0,0.0,0.6870221658609807
1,0.014000000000000002,1,0.5157150633279238,0.2813903644838274,1.0,1.0,0.018067911272050954,_default_spsolve,_default_spsolve,1,1,True,True,nan,nan,7.42045385166938e-12,3.832170615855245e-15,0.7068013339303434
1,0.014000000000000002,2,0.0010862129723673089,0.0014515666613885586,0.0021062269644752008,0.0051585514097160405,0.018192110990580518,_default_spsolve,_default_spsolve,1,1,True,True,nan,nan,6.747256097261731e-12,3.5153072079383842e-15,0.6256559169851243
1,0.014000000000000002,3,9.999001042759476e-06,1.7210806688414726e-05,1.9388615446358384e-05,6.116345426392132e-05,0.018193793239625344,_default_spsolve,_default_spsolve,1,1,True,True,nan,nan,6.522949692723277e-12,3.879846470264644e-15,0.5946282497607172
1,0.014000000000000002,4,1.2914651594052251e-07,2.653451362893119e-07,2.504222294907122e-07,9.429787575564347e-07,0.018193821539850722,_default_spsolve,_default_spsolve,1,1,True,True,nan,nan,7.264903665044727e-12,3.0224343097162516e-15,0.5677103330381215
2,0.028000000000000004,1,0.515273648133718,0.8056731651293412,1.0,1.0,0.06924529409281016,_default_spsolve,_default_spsolve,1,1,True,True,nan,nan,5.565635253342095e-12,3.062514311380653e-15,0.5986270420253277
2,0.028000000000000004,2,0.006375062169750006,0.015744148710381177,0.01237218746357396,0.0195416074306678,0.07057823597582369,_default_spsolve,_default_spsolve,1,1,True,True,nan,nan,5.692944223885472e-12,3.4514743672128393e-15,0.6837269999086857
2,0.028000000000000004,3,0.00022602681224721916,0.0007252299318117487,0.00043865393284882916,0.000900154011826026,0.07064926633622907,_default_spsolve,_default_spsolve,1,1,True,True,nan,nan,6.4131870731410376e-12,3.3541557020125065e-15,0.6848760838620365
2,0.028000000000000004,4,1.1281746313410639e-05,4.419816655386885e-05,2.189466966586059e-05,5.48586802525232e-05,0.07065405000070767,_default_spsolve,_default_spsolve,1,1,True,True,nan,nan,5.74750048996576e-12,2.9870085014908326e-15,0.6457874588668346
2,0.028000000000000004,5,6.770384054011802e-07,3.062708670973276e-06,1.313939511273984e-06,3.8014281765008204e-06,0.07065439902650134,_default_spsolve,_default_spsolve,1,1,True,True,nan,nan,5.588163681636468e-12,2.5972667258513295e-15,0.6678800829686224
3,0.04200000000000001,1,0.5139344679303061,1.2291869441420313,1.0,1.0,0.1466509667202025,_default_spsolve,_default_spsolve,1,1,True,True,nan,nan,5.64447482489231e-12,3.3476892963164447e-15,0.7183170416392386
3,0.04200000000000001,2,0.015659606063440367,0.051818042224287944,0.030470044413452232,0.0421563558507016,0.15092387751445094,_default_spsolve,_default_spsolve,1,1,True,True,nan,nan,4.676138073789692e-12,3.225256244556158e-15,0.6123512503691018
3,0.04200000000000001,3,0.0012139992563095347,0.0052295905103084215,0.002362167420290953,0.004254511923699824,0.15141944532421922,_default_spsolve,_default_spsolve,1,1,True,True,nan,nan,4.2435523759614046e-12,3.022346075627868e-15,0.6153060831129551
3,0.04200000000000001,4,0.0001331842809864634,0.0007036158784617566,0.0002591464268252277,0.0005724238138185548,0.15149316840935187,_default_spsolve,_default_spsolve,1,1,True,True,nan,nan,5.388676765968881e-12,2.789676126341229e-15,0.6942408750765026
3,0.04200000000000001,5,1.7691347866000847e-05,0.00010731522913203188,3.44233535011704e-05,8.730586477790616e-05,0.15150503904389295,_default_spsolve,_default_spsolve,1,1,True,True,nan,nan,4.461357946394026e-12,2.4052768727632974e-15,0.6113119591027498
3,0.04200000000000001,6,2.620288553468443e-06,1.7150018401846385e-05,5.09848768077524e-06,1.3952327173322723e-05,0.15150699764942194,_default_spsolve,_default_spsolve,1,1,True,True,nan,nan,4.420770318805435e-12,2.6297418300409877e-15,0.6116828336380422
3,0.04200000000000001,7,4.0802855334648515e-07,2.7965484453768345e-06,7.939310920119438e-07,2.2751205247537157e-06,0.15150732400755856,_default_spsolve,_default_spsolve,1,1,True,True,nan,nan,4.502610565619205e-12,2.359458321723247e-15,0.5784360407851636
4,0.05600000000000001,1,0.5115976154616253,1.5166883235736972,1.0,1.0,0.24183412270890228,_default_spsolve,_default_spsolve,1,1,True,True,nan,nan,5.721242523452878e-12,3.020452825283469e-15,0.6238374998793006
4,0.05600000000000001,2,0.02904755787564981,0.11184053448199763,0.05677813382581853,0.0737399587929004,0.2505867453723728,_default_spsolve,_default_spsolve,1,1,True,True,nan,nan,3.373862222298687e-12,3.035863039634335e-15,0.6138372076675296
4,0.05600000000000001,3,0.003969156676047556,0.019797435355365836,0.007758356481912259,0.0130530676920609,0.25234079596846803,_default_spsolve,_default_spsolve,1,1,True,True,nan,nan,4.032931492105365e-12,2.4710037380601487e-15,0.6263997917994857
4,0.05600000000000001,4,0.0007705342702564524,0.00463965340510968,0.001506133427852636,0.003059068453944114,0.25288418175678745,_default_spsolve,_default_spsolve,1,1,True,True,nan,nan,3.923448185496964e-12,2.5475245190515778e-15,0.6422255826182663
4,0.05600000000000001,5,0.00018021686686738755,0.0012196191473314675,0.0003522629140966071,0.0008041330103061252,0.25304027935483026,_default_spsolve,_default_spsolve,1,1,True,True,nan,nan,3.0821449301861123e-12,2.338128823914685e-15,0.6368740838952363
4,0.05600000000000001,6,4.6570520865814194e-05,0.0003364686070210846,9.102958938499475e-05,0.0002218442654244745,0.253085621626122,_default_spsolve,_default_spsolve,1,1,True,True,nan,nan,3.3543284308634974e-12,2.1774161868232292e-15,0.6507385419681668
4,0.05600000000000001,7,1.2606555366751865e-05,9.47250384335154e-05,2.4641544420367762e-05,6.245517748189655e-05,0.25309880926834644,_default_spsolve,_default_spsolve,1,1,True,True,nan,nan,4.099246428015205e-12,2.1406626162087624e-15,0.5819885418750346
4,0.05600000000000001,8,3.4878716453561694e-06,2.6929621911277494e-05,6.817607314703743e-06,1.7755541130444367e-05,0.2531026436469342,_default_spsolve,_default_spsolve,1,1,True,True,nan,nan,3.7746299279888015e-12,2.3175614232029444e-15,0.5943714580498636
4,0.05600000000000001,9,9.757026567631427e-07,7.698184701911837e-06,1.9071681088324575e-06,5.075653700407601e-06,0.2531037583984058,_default_spsolve,_default_spsolve,1,1,True,True,nan,nan,3.1354257024603878e-12,2.2008674355064928e-15,0.584342791698873
5,0.07,1,0.507996220753367,1.6606859165588388,1.0,1.0,0.347531318811935,_default_spsolve,_default_spsolve,1,1,True,True,nan,nan,3.083130468637979e-12,3.013115461107157e-15,0.6007225839421153
5,0.07,2,0.047445813353232814,0.19757586066856625,0.09339796521098104,0.11897244307217923,0.3630453463742534,_default_spsolve,_default_spsolve,1,1,True,True,nan,nan,4.269631977336204e-12,2.4394553371859013e-15,0.6065812092274427
5,0.07,3,0.010328489150729009,0.055029607187990395,0.020331822814373863,0.033136673611358754,0.3681260127153787,_default_spsolve,_default_spsolve,1,1,True,True,nan,nan,3.902621894983607e-12,2.1896906171698315e-15,0.6442052498459816
5,0.07,4,0.003174287874818658,0.01991999524864337,0.00624864466533065,0.011995040753955593,0.3702196934365603,_default_spsolve,_default_spsolve,1,1,True,True,nan,nan,3.868152484918291e-12,1.9690463939521302e-15,0.6444932082667947
5,0.07,5,0.0011641635407443603,0.00802830614086237,0.002291677562124155,0.004834331441491407,0.37113229663359265,_default_spsolve,_default_spsolve,1,1,True,True,nan,nan,3.599517756885939e-12,2.443677890375283e-15,0.5960050839930773
5,0.07,6,0.0004672465168552134,0.003384534821042807,0.0009197834506766189,0.0020380342768583307,0.3715367154634631,_default_spsolve,_default_spsolve,1,1,True,True,nan,nan,4.2593906309173694e-12,2.2696337039950136e-15,0.6157677499577403
5,0.07,7,0.00019534186892611221,0.001455600463523346,0.0003845340987702958,0.0008765055745998876,0.371716797546643,_default_spsolve,_default_spsolve,1,1,True,True,nan,nan,4.107493324090503e-12,1.903778872229101e-15,0.5939138331450522
5,0.07,8,8.325918613730374e-05,0.0006320622835808034,0.00016389725501073405,0.00038060314553068546,0.37179705031451404,_default_spsolve,_default_spsolve,1,1,True,True,nan,nan,3.8807041595067866e-12,1.884905837958143e-15,0.6376010407693684
5,0.07,9,3.582504275820857e-05,0.00027589762737121085,7.052226236069124e-05,0.00016613474265073994,0.37183281331316026,_default_spsolve,_default_spsolve,1,1,True,True,nan,nan,4.619259515375051e-12,1.954830696757711e-15,0.6673863749019802
5,0.07,10,1.54939735407094e-05,0.00012080500100947437,3.0500174819670065e-05,7.274403895698612e-05,0.3718487508882144,_default_spsolve,_default_spsolve,1,1,True,True,nan,nan,3.383045764387045e-12,1.926631617136667e-15,0.6488087079487741
5,0.07,11,6.7200977435322935e-06,5.300758180245578e-05,1.3228637279163759e-05,3.1919089138959225e-05,0.3718558554277325,_default_spsolve,_default_spsolve,1,1,True,True,nan,nan,4.318640856736573e-12,2.1108141352598004e-15,0.6361596249043941
5,0.07,12,2.9197268311465488e-06,2.3296701030394347e-05,5.747536520678332e-06,1.4028360690062451e-05,0.37185902398076887,_default_spsolve,_default_spsolve,1,1,True,True,nan,nan,3.2833995754703036e-12,1.9569229956142044e-15,0.6672982922755182
5,0.07,13,1.27015452185719e-06,1.025487188353799e-05,2.5003227779402163e-06,6.175082103898035e-06,0.3718604380554316,_default_spsolve,_default_spsolve,1,1,True,True,nan,nan,4.624269536965156e-12,1.957317229565629e-15,0.6149717499502003
6,0.0722,1,0.07896039351163313,0.23665043036274358,1.0,1.0,0.38555495494838654,_default_spsolve,_default_spsolve,1,1,True,True,nan,nan,4.884328941088072e-12,2.8691907409457467e-15,0.5890787499956787
6,0.0722,2,0.012417198156470022,0.06120743578811676,0.15725856475931332,0.2586407119323489,0.3896672743927194,_default_spsolve,_default_spsolve,1,1,True,True,nan,nan,3.5753760743444616e-12,2.5915442470596546e-15,0.649320584256202
6,0.0722,3,0.0040545006526558755,0.023088604226083283,0.05134853655533684,0.09756417594801119,0.39115190192045346,_default_spsolve,_default_spsolve,1,1,True,True,nan,nan,3.928256267609303e-12,2.4454718942603012e-15,0.651421083137393
6,0.0722,4,0.0016660780667286715,0.010089394029845596,0.021100174310595483,0.04263416725834948,0.39173510765928043,_default_spsolve,_default_spsolve,1,1,True,True,nan,nan,4.410973724797726e-12,2.569360229805444e-15,0.6363019999116659
6,0.0722,5,0.000758609751518822,0.00476056255127921,0.009607471768831257,0.02011643310338419,0.3919798352389067,_default_spsolve,_default_spsolve,1,1,True,True,nan,nan,7.052749336424278e-12,2.3022503061295627e-15,0.5984199577942491
6,0.0722,6,0.00036721180277189566,0.0023531357848476753,0.004650582227883589,0.009943509425445501,0.3920850978135518,_default_spsolve,_default_spsolve,1,1,True,True,nan,nan,5.36707342852472e-12,2.50328877361031e-15,0.5750376246869564
6,0.0722,7,0.00018541034226281957,0.0012077204106924347,0.002348143594744159,0.005103394102606158,0.3921457490302624,_default_spsolve,_default_spsolve,1,1,True,True,nan,nan,3.5757231124080778e-12,2.2114931414507178e-15,0.6338221672922373
6,0.0722,8,9.700869619705221e-05,0.0006417336474887662,0.0012285741228323546,0.0027117366594478663,0.3921816916961589,_default_spsolve,_default_spsolve,1,1,True,True,nan,nan,4.562719979984259e-12,2.184599503470883e-15,0.5797712500207126
6,0.0722,9,5.244058484264479e-05,0.00035313134839213786,0.0006641378355709283,0.001492206660477437,0.39219786578239474,_default_spsolve,_default_spsolve,1,1,True,True,nan,nan,3.5100129823740066e-12,2.142957515665138e-15,0.5987873338162899
6,0.0722,10,2.9278823345678125e-05,0.00020105413568559296,0.00037080391881993995,0.0008495828018457953,0.3922052826639666,_default_spsolve,_default_spsolve,1,1,True,True,nan,nan,6.216707645054799e-12,2.5734681165326316e-15,0.6075812499038875
6,0.0722,11,1.6841419871750863e-05,0.00011794943688648176,0.00021328946225767783,0.0004984120954510244,0.39220880289677224,_default_spsolve,_default_spsolve,1,1,True,True,nan,nan,5.338086863073509e-12,1.94180515579712e-15,0.5906950831413269
6,0.0722,12,9.942836686936843e-06,7.098365391529173e-05,0.0001259218228879771,0.00029995150994015197,0.39221058428638145,_default_spsolve,_default_spsolve,1,1,True,True,nan,nan,4.1428411191781235e-12,2.4224037323794993e-15,0.6051618750207126
6,0.0722,13,6.003133637945946e-06,4.3551000819388066e-05,7.602714944754566e-05,0.00018403093859847212,0.3922115679590502,_default_spsolve,_default_spsolve,1,1,True,True,nan,nan,4.261805772710349e-12,2.1269724063783162e-15,0.5863853339105844
6,0.0722,14,3.688048971307343e-06,2.7093020570892008e-05,4.6707580943906864e-05,0.00011448540587635172,0.3922121323754035,_default_spsolve,_default_spsolve,1,1,True,True,nan,nan,4.838727491812133e-12,2.2559042182659945e-15,0.5916034579277039
6,0.0722,15,2.295042978501945e-06,1.7053885006673727e-05,2.9065748996853963e-05,7.20636129016673e-05,0.3922124726776323,_default_spsolve,_default_spsolve,1,1,True,True,nan,nan,4.06748843641001e-12,2.2226102122026318e-15,0.5947137498296797
6,0.0722,16,1.4444434165885325e-06,1.0784864714860258e-05,1.8293265171933632e-05,4.557297740100854e-05,0.3922126826712885,_default_spsolve,_default_spsolve,1,1,True,True,nan,nan,4.319172457149776e-12,2.1270378920998995e-15,0.6463510002940893
6,0.0722,17,9.134035067980995e-07,6.838954475316617e-06,1.1567869233877728e-05,2.88989733288619e-05,0.3922128138395728,_default_spsolve,_default_spsolve,1,1,True,True,nan,nan,5.059748151613972e-12,2.0322533189584003e-15,0.6603082497604191
6,0.0722,18,5.79187054155189e-07,4.343845161705346e-06,7.3351591652067706e-06,1.835553459610022e-05,0.3922128963873955,_default_spsolve,_default_spsolve,1,1,True,True,nan,nan,5.359607896867952e-12,2.2859392197199642e-15,0.6568712089210749
6,0.0722,19,3.678713969551167e-07,2.761789353739573e-06,4.6589357093429215e-06,1.1670333113302328e-05,0.39221294857651245,_default_spsolve,_default_spsolve,1,1,True,True,nan,nan,5.718574496802239e-12,2.018228879001806e-15,0.6340396669693291
6,0.0722,20,2.3389006909117007e-07,1.7570041063377736e-06,2.962118838183239e-06,7.424470361810011e-06,0.3922129816648349,_default_spsolve,_default_spsolve,1,1,True,True,nan,nan,4.369088640047915e-12,1.929123942848024e-15,0.6253835833631456
7,0.07440000000000001,1,0.07868364067429826,0.24203436180507595,1.0,1.0,0.406104616704014,_default_spsolve,_default_spsolve,1,1,True,True,nan,nan,4.8890253638717364e-12,2.7954340054081206e-15,0.6089322082698345
7,0.07440000000000001,2,0.01334122762414065,0.06684529029854128,0.1695552914152143,0.2761809926491991,0.4109164737438618,_default_spsolve,_default_spsolve,1,1,True,True,nan,nan,4.589730838603938e-12,2.4174036309684012e-15,0.6311720418743789
7,0.07440000000000001,3,0.0049603517213553956,0.028945720148370623,0.06304171589985512,0.11959343265351,0.4128928002085013,_default_spsolve,_default_spsolve,1,1,True,True,nan,nan,4.369200296116929e-12,2.58335961655588e-15,0.5631908746436238
7,0.07440000000000001,4,0.0023682742182894573,0.014820353339955714,0.0300986863087926,0.06123243505354578,0.4137375649375193,_default_spsolve,_default_spsolve,1,1,True,True,nan,nan,5.098207742909654e-12,2.3773609985516785e-15,0.5781459999270737
7,0.07440000000000001,5,0.0012727428184408085,0.008366386115932897,0.01617544393642357,0.03456693526298065,0.41410836545550384,_default_spsolve,_default_spsolve,1,1,True,True,nan,nan,5.878237695210141e-12,2.198890442682131e-15,0.6143707917071879
7,0.07440000000000001,6,0.0007378908872112351,0.005053261827720214,0.00937794541390946,0.020878282695206286,0.4142808490109668,_default_spsolve,_default_spsolve,1,1,True,True,nan,nan,4.283028800943379e-12,2.635087500482252e-15,0.6784467501565814
7,0.07440000000000001,7,0.00045183950824323466,0.003197178427436345,0.005742483499379135,0.013209605460943661,0.41436607555000277,_default_spsolve,_default_spsolve,1,1,True,True,nan,nan,3.295274744348198e-12,2.143593621283874e-15,0.625421832781285
7,0.07440000000000001,8,0.00028767271240169237,0.0020940049272307423,0.003656067639173942,0.008651684461717728,0.41441312374739425,_default_spsolve,_default_spsolve,1,1,True,True,nan,nan,3.123706379611637e-12,2.378411779648866e-15,0.5826724590733647
7,0.07440000000000001,9,0.00018874574764046306,0.0013997423887836366,0.0023987927607690912,0.005783238290399975,0.41444099810257334,_default_spsolve,_default_spsolve,1,1,True,True,nan,nan,7.153537045437446e-12,1.9546696378859403e-15,0.6158909169025719
7,0.07440000000000001,10,0.00012616729136603509,0.000949097966288824,0.0016034755164455322,0.003921335628588087,0.4144588234525149,_default_spsolve,_default_spsolve,1,1,True,True,nan,nan,4.033169370627401e-12,2.0199993287742756e-15,0.6245387909002602
7,0.07440000000000001,11,8.550741366442698e-05,0.0006482233381866647,0.0010867241644089008,0.0026782285513191548,0.4144705700705709,_default_spsolve,_default_spsolve,1,1,True,True,nan,nan,5.930022224827198e-12,1.96911021063984e-15,0.6457190830260515
7,0.07440000000000001,12,5.837464223367277e-05,0.0004445555283335038,0.0007418904582123721,0.0018367455142238426,0.4144784432025288,_default_spsolve,_default_spsolve,1,1,True,True,nan,nan,5.356480738628955e-12,2.308698620069279e-15,0.6718680001795292
7,0.07440000000000001,13,4.002086316633719e-05,0.000305641645020947,0.0005086300382566039,0.0012628026976892546,0.41448377951507936,_default_spsolve,_default_spsolve,1,1,True,True,nan,nan,6.295644987193301e-12,1.8402298115310326e-15,0.6059126672334969
7,0.07440000000000001,14,2.750971195915777e-05,0.0002104647927382264,0.0003496242894127257,0.0008695657557406071,0.414487423680661,_default_spsolve,_default_spsolve,1,1,True,True,nan,nan,4.294616152907929e-12,1.8847326827620518e-15,0.6153779998421669
7,0.07440000000000001,15,1.8941098864895122e-05,0.00014506293338449407,0.00024072473900006215,0.0005993485069748961,0.4144899227162121,_default_spsolve,_default_spsolve,1,1,True,True,nan,nan,4.808718750296773e-12,2.28066395774638e-15,0.6364478748291731
7,0.07440000000000001,16,1.3054454613000647e-05,0.00010004617233730854,0.00016591065818926754,0.0004133552425827925,0.41449164175713543,_default_spsolve,_default_spsolve,1,1,True,True,nan,nan,5.911146514046072e-12,2.6275027354669864e-15,0.6563818748109043
7,0.07440000000000001,17,9.003159889119522e-06,6.902531367403233e-05,0.00011442225870542839,0.0002851880747809782,0.4144928261560427,_default_spsolve,_default_spsolve,1,1,True,True,nan,nan,3.4481282127062434e-12,2.3185883688761347e-15,0.6402884577400982
7,0.07440000000000001,18,6.211593438803439e-06,4.763380126999634e-05,7.894389971754872e-05,0.0001968059448862825,0.4144936428633673,_default_spsolve,_default_spsolve,1,1,True,True,nan,nan,3.1853650947478133e-12,1.927277447548451e-15,0.6262696250341833
7,0.07440000000000001,19,4.286601528004457e-06,3.2876376051984055e-05,5.44789423985647e-05,0.00013583350647732107,0.414494206293117,_default_spsolve,_default_spsolve,1,1,True,True,nan,nan,4.770039910013355e-12,2.148659187817849e-15,0.6221332498826087
7,0.07440000000000001,20,2.9585969170411286e-06,2.2692993455324436e-05,3.760116959112117e-05,9.37593872460159e-05,0.4144945950998124,_default_spsolve,_default_spsolve,1,1,True,True,nan,nan,5.742845608901423e-12,1.988158899302438e-15,0.6291803340427577
7,0.07440000000000001,21,2.0421957537624345e-06,1.5664792525677505e-05,2.5954515274857012e-05,6.47213577809801e-05,0.4144948634486475,_default_spsolve,_default_spsolve,1,1,True,True,nan,nan,6.2558086737723414e-12,1.8978215081233447e-15,0.6289313333109021
7,0.07440000000000001,22,1.4097216674367469e-06,1.0813681795152331e-05,1.7916324859345607e-05,4.4678291604979646e-05,0.41449504867762904,_default_spsolve,_default_spsolve,1,1,True,True,nan,nan,8.53978288511326e-12,1.8009953391942136e-15,0.6715420829132199
7,0.07440000000000001,23,9.73160981628889e-07,7.465053503562086e-06,1.2368021780501684e-05,3.0842949108086225e-05,0.4144951765405337,_default_spsolve,_default_spsolve,1,1,True,True,nan,nan,3.6058522809926805e-12,1.7902868745775574e-15,0.6150607909075916
7,0.07440000000000001,24,6.718090412703098e-07,5.1534615028758534e-06,8.538103162399218e-06,2.129227215690237e-05,0.41449526480720456,_default_spsolve,_default_spsolve,1,1,True,True,nan,nan,4.7263997757093134e-12,2.2658322907354893e-15,0.6060924157500267
7,0.07440000000000001,25,4.637813711454697e-07,3.5577018303465414e-06,5.894254093620789e-06,1.469916008542523e-05,0.4144953257409897,_default_spsolve,_default_spsolve,1,1,True,True,nan,nan,6.751019338904718e-12,1.6882020534987751e-15,0.6008167499676347
7,0.07440000000000001,26,3.201729642964851e-07,2.456082595252797e-06,4.069117310189086e-06,1.0147660757487072e-05,0.4144953678065253,_default_spsolve,_default_spsolve,1,1,True,True,nan,nan,4.73090903292574e-12,1.5493372770553415e-15,0.5864159581251442
7,0.07440000000000001,27,2.2103396481568055e-07,1.6955798740663002e-06,2.809147656634558e-06,7.00553368298939e-06,0.4144953968466601,_default_spsolve,_default_spsolve,1,1,True,True,nan,nan,4.041115467547684e-12,1.8430825131773605e-15,0.5982847916893661
8,0.0766,1,0.07837243255137136,0.2372763856823042,1.0,1.0,0.4274024412142629,_default_spsolve,_default_spsolve,1,1,True,True,nan,nan,4.374890590919901e-12,2.6467100393777275e-15,0.6167009170167148
8,0.0766,2,0.014492305928310132,0.0755690654414524,0.18491586207702249,0.3184854035269817,0.43228592845674907,_default_spsolve,_default_spsolve,1,1,True,True,nan,nan,4.671322679951307e-12,2.1415344403788358e-15,0.6176629578694701
8,0.0766,3,0.006286557073725052,0.038049631063269106,0.08021388221686696,0.16035995724502813,0.43432184231025456,_default_spsolve,_default_spsolve,1,1,True,True,nan,nan,5.66220918185271e-12,2.422392091071415e-15,0.6241837497800589
8,0.0766,4,0.0034521334686802283,0.02251339486294852,0.04404780298758027,0.0948825766972543,0.4352180398371382,_default_spsolve,_default_spsolve,1,1,True,True,nan,nan,4.6889244213812624e-12,1.9966123764301325e-15,0.6105437921360135
8,0.0766,5,0.0021209481688102016,0.014574171079973537,0.027062426158840584,0.06142276248040667,0.4356487448542562,_default_spsolve,_default_spsolve,1,1,True,True,nan,nan,4.408888581759315e-12,2.3264739258321203e-15,0.7192739997990429
8,0.0766,6,0.0013959032230445067,0.009976923968827269,0.01781115090602201,0.042047690250076736,0.43588138936930365,_default_spsolve,_default_spsolve,1,1,True,True,nan,nan,2.979500107421039e-12,2.037549837483795e-15,0.6502216658554971
8,0.0766,7,0.0009618741249603435,0.007072746560074269,0.012273118157074643,0.029808050808495377,0.43602075491481357,_default_spsolve,_default_spsolve,1,1,True,True,nan,nan,3.989917153369758e-12,1.9425276073402557e-15,0.6275029997341335
8,0.0766,8,0.0006832709714658813,0.005131519556724437,0.00871825652493321,0.021626760463197413,0.43611310385876845,_default_spsolve,_default_spsolve,1,1,True,True,nan,nan,3.712125211477536e-12,2.114351902048588e-15,0.7702851668000221
8,0.0766,9,0.0004959496966911932,0.0037696066064354323,0.006328114115459022,0.015886985953514402,0.4361771236711938,_default_spsolve,_default_spsolve,1,1,True,True,nan,nan,6.468401103485618e-12,1.8906479054813906e-15,0.6386279999278486
8,0.0766,10,0.0003643318179862029,0.002789741262648527,0.004648724125634248,0.011757348944044468,0.4362227834313391,_default_spsolve,_default_spsolve,1,1,True,True,nan,nan,7.338293377375374e-12,2.4236370537150077e-15,0.6373502919450402
8,0.0766,11,0.00026962576530322716,0.002074840393311491,0.003440313851767885,0.008744403229782635,0.4362561331075057,_default_spsolve,_default_spsolve,1,1,True,True,nan,nan,3.747171704247081e-12,1.7266793714106166e-15,0.6426784167997539
8,0.0766,12,0.00020055094463123697,0.0015477225086449533,0.0025589475546746667,0.006522867853850577,0.43628078151559985,_default_spsolve,_default_spsolve,1,1,True,True,nan,nan,6.5592845404547825e-12,1.9150804772590987e-15,0.6432400420308113
8,0.0766,13,0.000149625703546495,0.001156579109241109,0.001909162427087085,0.004874396185340096,0.43629910314621145,_default_spsolve,_default_spsolve,1,1,True,True,nan,nan,3.9732060075722855e-12,2.041060040275762e-15,0.637943500187248
8,0.0766,14,0.00011183243895647109,0.0008652840162122778,0.0014269359175902504,0.003646734645439307,0.4363127674063763,_default_spsolve,_default_spsolve,1,1,True,True,nan,nan,4.414295950692371e-12,2.518963272870573e-15,0.6435221671126783
8,0.0766,15,8.368058458093604e-05,0.0006478500881689853,0.001067729836330974,0.0027303605721490103,0.4363229788503027,_default_spsolve,_default_spsolve,1,1,True,True,nan,nan,5.946082830545476e-12,1.8843520676529652e-15,0.6471596253104508
8,0.0766,16,6.266184805868762e-05,0.000485303322606657,0.0007995394045937543,0.0020453081380649605,0.4363306194128987,_default_spsolve,_default_spsolve,1,1,True,True,nan,nan,3.1136163926926854e-12,2.1172494234549295e-15,0.6432921662926674
8,0.0766,17,4.6945358368295283e-05,0.00036366765509875397,0.0005990034612939143,0.0015326752978515041,0.43633634080458256,_default_spsolve,_default_spsolve,1,1,True,True,nan,nan,5.2232439836905915e-12,1.8335487203747056e-15,0.6436556247062981
8,0.0766,18,3.51822802030556e-05,0.00027258538648090896,0.0004489114227760432,0.0011488095863272333,0.43634062723646894,_default_spsolve,_default_spsolve,1,1,True,True,nan,nan,3.815656934878853e-12,1.6240768578157086e-15,0.6407994581386447
8,0.0766,19,2.6372571662938904e-05,0.00020435048459288728,0.00033650316577391265,0.0008612339740647336,0.43634383967518725,_default_spsolve,_default_spsolve,1,1,True,True,nan,nan,4.397000837762727e-12,1.9056327673336924e-15,0.6414204156026244
8,0.0766,20,1.9771913472773684e-05,0.00015321539493172987,0.00025228148252019153,0.0006457254247663488,0.43634624775795317,_default_spsolve,_default_spsolve,1,1,True,True,nan,nan,3.765309779377712e-12,1.7535337650915982e-15,0.6736887088045478
8,0.0766,21,1.4824932677694634e-05,0.00011488625515134139,0.000189160042569525,0.0004841874795967506,0.43634805316108455,_default_spsolve,_default_spsolve,1,1,True,True,nan,nan,4.9183445253016115e-12,2.2814581698422268e-15,0.6509454590268433
8,0.0766,22,1.111659538786914e-05,8.615122402955676e-05,0.00014184318421636924,0.00036308385169397754,0.43634940686365414,_default_spsolve,_default_spsolve,1,1,True,True,nan,nan,6.8458140840744595e-12,2.0209534046959115e-15,0.6444204999133945
8,0.0766,23,8.336341981925008e-06,6.460627644288114e-05,0.00010636829444410475,0.0002722827906245346,0.4363504219547615,_default_spsolve,_default_spsolve,1,1,True,True,nan,nan,3.239668552587481e-12,1.895457517210216e-15,0.6633024169132113
8,0.0766,24,6.251668920467689e-06,4.84510022649946e-05,7.976872373292563e-05,0.00020419647798355697,0.43635118317471294,_default_spsolve,_default_spsolve,1,1,True,True,nan,nan,8.426843400720798e-12,2.1795163426210285e-15,0.6219039168208838
8,0.0766,25,4.6884497855859015e-06,3.6336383508391716e-05,5.982269061908636e-05,0.0001531394850098715,0.436351754038219,_default_spsolve,_default_spsolve,1,1,True,True,nan,nan,7.940010379196655e-12,1.6688104825283754e-15,0.6200022078119218
8,0.0766,26,3.516187797281568e-06,2.7251389054360367e-05,4.486510987108619e-05,0.00011485082670994489,0.43635218215938615,_default_spsolve,_default_spsolve,1,1,True,True,nan,nan,7.802244832672051e-12,1.8347330035496126e-15,0.6576004577800632
8,0.0766,27,2.637071164716126e-06,2.0438146639986622e-05,3.364794327377277e-05,8.613645467169166e-05,0.4363525032371694,_default_spsolve,_default_spsolve,1,1,True,True,nan,nan,4.402036917336513e-12,1.906280288071302e-15,0.6329271658323705
8,0.0766,28,1.9777748687761725e-06,1.5328467885058473e-05,2.5235593746305958e-05,6.460174214547492e-05,0.4363527440393825,_default_spsolve,_default_spsolve,1,1,True,True,nan,nan,4.2632427347467e-12,2.178947364519947e-15,0.6386227081529796
8,0.0766,29,1.4833225236947734e-06,1.1496330294645663e-05,1.8926585221435983e-05,4.845121970982149e-05,0.4363529246386022,_default_spsolve,_default_spsolve,1,1,True,True,nan,nan,3.3441707821151854e-12,1.7786393333594866e-15,0.625906249973923
8,0.0766,30,1.1124928784332715e-06,8.622279991336356e-06,1.4194951492721086e-05,3.6338550785584544e-05,0.43635306008727126,_default_spsolve,_default_spsolve,1,1,True,True,nan,nan,5.576900299859222e-12,1.8121859537995327e-15,0.6489791660569608
8,0.0766,31,8.343743514392608e-07,6.466760703873854e-06,1.0646273495369016e-05,2.725412680776576e-05,0.4363531616738909,_default_spsolve,_default_spsolve,1,1,True,True,nan,nan,4.823848871214739e-12,2.2258537127904682e-15,0.6506185410544276
8,0.0766,32,6.257866797620592e-07,4.8501236917870546e-06,7.984780609583226e-06,2.0440819164706164e-05,0.43635323786429353,_default_spsolve,_default_spsolve,1,1,True,True,nan,nan,5.135183652709396e-12,1.927313219469621e-15,0.6603649579919875
8,0.0766,33,4.6934549250790505e-07,3.6376410587577482e-06,5.988655414010018e-06,1.5330817891116586e-05,0.43635329500762077,_default_spsolve,_default_spsolve,1,1,True,True,nan,nan,6.027007705975071e-12,2.169516914453794e-15,0.6474230829626322
8,0.0766,34,3.5201420434458363e-07,2.728271214675243e-06,4.491556442551994e-06,1.1498283770759218e-05,0.43635333786565755,_default_spsolve,_default_spsolve,1,1,True,True,nan,nan,6.270169599767311e-12,2.3716611646644522e-15,0.6443137913011014
8,0.0766,35,2.6401478185851604e-07,2.046236712783623e-06,3.36872001115265e-06,8.623853178223075e-06,0.4363533700096369,_default_spsolve,_default_spsolve,1,1,True,True,nan,nan,4.404293809812459e-12,1.90845290342942e-15,0.6446666661649942
9,0.07880000000000001,1,0.07799254158965725,0.22669673551613498,1.0,1.0,0.44719901298258374,_default_spsolve,_default_spsolve,1,1,True,True,nan,nan,3.112758219678111e-12,2.5426865762284163e-15,0.6565702087245882
9,0.07880000000000001,2,0.01615782413115747,0.0891499457208389,0.2071714012881995,0.3932564159685207,0.4526748454529376,_default_spsolve,_default_spsolve,1,1,True,True,nan,nan,4.408144676938276e-12,2.137090606046403e-15,0.6144553339108825
9,0.07880000000000001,3,0.008411115994165847,0.053722128852733385,0.10784513265921394,0.23697795528647897,0.45577285214723917,_default_spsolve,_default_spsolve,1,1,True,True,nan,nan,4.035124649494185e-12,2.1449335925199685e-15,0.6325643332675099
9,0.07880000000000001,4,0.005421588083727878,0.037234889710983134,0.06951418652635427,0.16424978342192742,0.45746272657675013,_default_spsolve,_default_spsolve,1,1,True,True,nan,nan,3.4012075622575165e-12,1.9937506391781217e-15,0.6316894576884806
9,0.07880000000000001,5,0.0038557166007103663,0.027800703226952033,0.049436991308687915,0.12263389308918098,0.4584729296577347,_default_spsolve,_default_spsolve,1,1,True,True,nan,nan,3.873615326501095e-12,1.862005584782139e-15,0.6414181659929454
9,0.07880000000000001,6,0.002908932345317225,0.021686714164031663,0.037297570844940696,0.0956639896673242,0.4591538501298241,_default_spsolve,_default_spsolve,1,1,True,True,nan,nan,6.633707320650376e-12,2.045371498271944e-15,0.6395037076435983
9,0.07880000000000001,7,0.002280254248425409,0.0173479907935516,0.02923682446999263,0.07652510193432789,0.4596477128060878,_default_spsolve,_default_spsolve,1,1,True,True,nan,nan,3.172547591338075e-12,1.8891193107363712e-15,0.6440774155780673
9,0.07880000000000001,8,0.001829469503493694,0.014111289280755219,0.023456980195864056,0.062247430465318096,0.46003055329235704,_default_spsolve,_default_spsolve,1,1,True,True,nan,nan,7.365558810153642e-12,1.791953664748088e-15,0.626881250180304
9,0.07880000000000001,9,0.001491770073601709,0.011596717470206073,0.0191270862982049,0.05115520275932992,0.4603358165705697,_default_spsolve,_default_spsolve,1,1,True,True,nan,nan,4.960600073324135e-12,1.6918624875450406e-15,0.6425581248477101
9,0.07880000000000001,10,0.0012286045994925575,0.00959892121081921,0.015752847316562964,0.042342564787996306,0.46064925568744824,_default_spsolve,_default_spsolve,1,1,True,True,nan,nan,4.467413291781529e-12,1.8577886661338183e-15,0.6390359168872237
9,0.07880000000000001,11,0.0010189510347264699,0.007986503871480298,0.013064724061532508,0.035229902421386496,0.46102640651000765,_default_spsolve,_default_spsolve,1,1,True,True,nan,nan,5.508172578452622e-12,2.308615501190934e-15,0.6396202077157795
9,0.07880000000000001,12,0.0008492696074248515,0.0066707649011811835,0.010889113114086217,0.029425941604290975,0.46133912144123673,_default_spsolve,_default_spsolve,1,1,True,True,nan,nan,3.5959381546529797e-12,1.7611328846797725e-15,0.6421258747577667
9,0.07880000000000001,13,0.0007104319248420211,0.005588574245344878,0.009108972606378465,0.02465220433201657,0.46159969671280054,_default_spsolve,_default_spsolve,1,1,True,True,nan,nan,5.365717843792391e-12,1.8150400795259593e-15,0.6417750827968121
9,0.07880000000000001,14,0.0005959508483313085,0.004693159897462334,0.007641126140840353,0.02070237088671399,0.46181761724097176,_default_spsolve,_default_spsolve,1,1,True,True,nan,nan,5.59993513303192e-12,1.5223918717437302e-15,0.6376445828936994
9,0.07880000000000001,15,0.0005010149469737838,0.0039488545155144375,0.006423882806766031,0.017419106219257314,0.4620003735882813,_default_spsolve,_default_spsolve,1,1,True,True,nan,nan,6.292506986336836e-12,1.911516318414794e-15,0.6425623754039407
9,0.07880000000000001,16,0.00042194678115091725,0.003327870956002484,0.005410091433754128,0.014679836250953093,0.4621539773677925,_default_spsolve,_default_spsolve,1,1,True,True,nan,nan,3.490277799999361e-12,1.7533321869009584e-15,0.6405467092990875
9,0.07880000000000001,17,0.00035586894158003564,0.002808236094633974,0.004562858631436472,0.012387633585637142,0.46228330845017435,_default_spsolve,_default_spsolve,1,1,True,True,nan,nan,3.6948277268386e-12,1.5660706311671212e-15,0.6490474999882281
9,0.07880000000000001,18,0.00030049746291058995,0.0023723420408366465,0.003852899992560821,0.01046482665679055,0.4623923614251092,_default_spsolve,_default_spsolve,1,1,True,True,nan,nan,3.3668576725718985e-12,1.5107214041424454e-15,0.6409140829928219
9,0.07880000000000001,19,0.0002539935303241539,0.002005949908092389,0.003256638713743834,0.00884860517962605,0.46248442721249816,_default_spsolve,_default_spsolve,1,1,True,True,nan,nan,5.18567069763621e-12,1.4046954949645164e-15,0.6236014580354095
9,0.07880000000000001,20,0.0002148650983597838,0.0016974563529357314,0.0027549441777427277,0.007487784722929617,0.46256223083249937,_default_spsolve,_default_spsolve,1,1,True,True,nan,nan,5.192206686708932e-12,1.6708322001149185e-15,0.6376936659216881
9,0.07880000000000001,21,0.00018189190567688933,0.0014373419399440104,0.002332170512327686,0.006340373347995162,0.46262803784006823,_default_spsolve,_default_spsolve,1,1,True,True,nan,nan,3.821649302324321e-12,1.8228552963380022e-15,0.6536213341169059
9,0.07880000000000001,22,0.00015406991328140705,0.0012177542990777297,0.0019754441917281813,0.005371732840815685,0.46268373808025026,_default_spsolve,_default_spsolve,1,1,True,True,nan,nan,7.28018783491796e-12,1.7937863786931913e-15,0.6398440832272172
9,0.07880000000000001,23,0.0001305684295260559,0.0010321917005225352,0.0016741143045833353,0.004553182903902335,0.4627309124270535,_default_spsolve,_default_spsolve,1,1,True,True,nan,nan,3.448263398462595e-12,1.9777485272138755e-15,0.6416115411557257
9,0.07880000000000001,24,0.00011069830273435923,0.000875248496946547,0.0014193447280738335,0.003860878256379884,0.4627708864769117,_default_spsolve,_default_spsolve,1,1,True,True,nan,nan,4.7476225764905154e-12,1.7403161114915953e-15,0.6435040831565857
9,0.07880000000000001,25,9.388553671909243e-05,0.0007424146386379204,0.001203775832989943,0.0032749242592647726,0.4628047740896802,_default_spsolve,_default_spsolve,1,1,True,True,nan,nan,5.64933448786571e-12,1.8609119747296315e-15,0.6357245002873242
9,0.07880000000000001,26,7.965027782827894e-05,0.0006299175921766148,0.001021255061122941,0.0027786795903454063,0.4628335126090822,_default_spsolve,_default_spsolve,1,1,True,True,nan,nan,4.132223668680136e-12,1.944573845647011e-15,0.6625135829672217
9,0.07880000000000001,27,6.759073430945226e-05,0.0005345941007159258,0.0008666307435532477,0.0023581905557606784,0.4628578920392391,_default_spsolve,_default_spsolve,1,1,True,True,nan,nan,3.3636064822010293e-12,1.5533271029120341e-15,0.6381426248699427
9,0.07880000000000001,28,5.7369392672627906e-05,0.0004537872612076006,0.0007355753704561383,0.002001737079161877,0.4628785790481576,_default_spsolve,_default_spsolve,1,1,True,True,nan,nan,4.187640021821529e-12,2.1612568819252988e-15,0.6374619998969138
9,0.07880000000000001,29,4.870269821762889e-05,0.00038526081775288034,0.0006244532775181089,0.001699454634296927,0.46289613681996783,_default_spsolve,_default_spsolve,1,1,True,True,nan,nan,3.709349877815459e-12,1.7082917084195626e-15,0.6401202077977359
9,0.07880000000000001,30,4.135170517082854e-05,0.00032713010577419856,0.0005302007644319707,0.0014430296273539205,0.4629110415420272,_default_spsolve,_default_spsolve,1,1,True,True,nan,nan,7.174770841114165e-12,1.7534264410806081e-15,0.6512347920797765
9,0.07880000000000001,31,3.511488293626731e-05,0.00027780481401052824,0.00045023385852736413,0.0012254469098464617,0.46292369614840145,_default_spsolve,_default_spsolve,1,1,True,True,nan,nan,5.8075957568922235e-12,1.9766693548215596e-15,0.6259446660988033
9,0.07880000000000001,32,2.9822067835656868e-05,0.00023594159187016302,0.00038237076556063446,0.0010407807211382188,0.46293444180781856,_default_spsolve,_default_spsolve,1,1,True,True,nan,nan,6.4943542869576435e-12,1.9458574071856446e-15,0.6415942083112895
9,0.07880000000000001,33,2.5329443303825168e-05,0.0002004046828412156,0.0003247675070917827,0.0008840210353490155,0.46294356754981947,_default_spsolve,_default_spsolve,1,1,True,True,nan,nan,4.059569512084676e-12,1.7977006795525146e-15,0.6439132075756788
9,0.07880000000000001,34,2.1515362756232652e-05,0.0001702331059474622,0.00027586436238264414,0.0007509287928645358,0.46295131834669767,_default_spsolve,_default_spsolve,1,1,True,True,nan,nan,3.802510714485113e-12,1.6025396354552267e-15,0.6447652080096304
9,0.07880000000000001,35,1.827685750593016e-05,0.0001446132331318513,0.00023434109382010308,0.0006379149342517045,0.4629579019109288,_default_spsolve,_default_spsolve,1,1,True,True,nan,nan,4.4400005642347524e-12,2.1218980769296098e-15,0.6419035829603672
9,0.07880000000000001,36,1.5526720244922046e-05,0.0001228558127130322,0.00019907955207579844,0.0005419390466003778,0.4629634944220162,_default_spsolve,_default_spsolve,1,1,True,True,nan,nan,5.666534901314531e-12,1.8637733923733382e-15,0.6356207919307053
9,0.07880000000000001,37,1.3191052436826079e-05,0.00010437668411210863,0.0001691322294153236,0.00046042429272070257,0.4629682453632831,_default_spsolve,_default_spsolve,1,1,True,True,nan,nan,2.9739693721323104e-12,1.8549058090632604e-15,0.6400482086464763
9,0.07880000000000001,38,1.1207209107381587e-05,8.868055021362989e-05,0.00014369590833885322,0.00039118582811404495,0.46297228159180404,_default_spsolve,_default_spsolve,1,1,True,True,nan,nan,6.385787324259805e-12,1.5713304469384296e-15,0.6371478750370443
9,0.07880000000000001,39,9.522063224014477e-06,7.53473131817277e-05,0.00012208940790919443,0.00033237052580479225,0.4629757107757555,_default_spsolve,_default_spsolve,1,1,True,True,nan,nan,5.556367411785169e-12,1.7485150800436466e-15,0.6288977921940386
9,0.07880000000000001,40,8.09054636176244e-06,6.40205624280917e-05,0.00010373487255139463,0.00028240619470029855,0.46297862432136144,_default_spsolve,_default_spsolve,1,1,True,True,nan,nan,4.724696419469673e-12,1.7242182003985443e-15,0.6419063745997846
9,0.07880000000000001,41,6.8744167931409726e-06,5.439784147668314e-05,8.814197682272483e-05,0.000239958644983714,0.4629810998415626,_default_spsolve,_default_spsolve,1,1,True,True,nan,nan,7.655169060362015e-12,1.524639761708017e-15,0.6413336251862347
9,0.07880000000000001,42,5.841217252260031e-06,4.622242657402049e-05,7.489456213637031e-05,0.00020389542208794023,0.46298320324515374,_default_spsolve,_default_spsolve,1,1,True,True,nan,nan,2.992717590868758e-12,1.4448621935900186e-15,0.6347923330031335
9,0.07880000000000001,43,4.963396922654626e-06,3.927637280145054e-05,6.363937911869296e-05,0.00017325513184840313,0.46298499050865827,_default_spsolve,_default_spsolve,1,1,True,True,nan,nan,3.6338762788532255e-12,1.846403775477512e-15,0.6367603749968112
9,0.07880000000000001,44,4.217561869888507e-06,3.3374638615608944e-05,5.407647685183023e-05,0.00014722152279618306,0.4629865091768394,_default_spsolve,_default_spsolve,1,1,True,True,nan,nan,4.314005897109285e-12,1.705498030911084e-15,0.6532868752256036
9,0.07880000000000001,45,3.5838524841109674e-06,2.836005730719672e-05,4.595122060474343e-05,0.00012510130435988663,0.4629877996361166,_default_spsolve,_default_spsolve,1,1,True,True,nan,nan,4.829871130339789e-12,2.0536303327664935e-15,0.6430978327989578
9,0.07880000000000001,46,3.0453943180175916e-06,2.4099177311639703e-05,3.904725062096768e-05,0.00010630579772916255,0.46298889619438216,_default_spsolve,_default_spsolve,1,1,True,True,nan,nan,4.8396700051284395e-12,1.7832750082054418e-15,0.6376762082800269
9,0.07880000000000001,47,2.5878618556044843e-06,2.0478647270824185e-05,3.318088887550327e-05,9.033498971301522e-05,0.46298982799758126,_default_spsolve,_default_spsolve,1,1,True,True,nan,nan,3.3842441184272258e-12,1.7788783522575563e-15,0.635611167177558
9,0.07880000000000001,48,2.199085562961463e-06,1.740218046732722e-05,2.8196100782707255e-05,7.676414231420916e-05,0.4629906198077561,_default_spsolve,_default_spsolve,1,1,True,True,nan,nan,5.3142592552220805e-12,2.0116768266004676e-15,0.6411614590324461
9,0.07880000000000001,49,1.868728682307588e-06,1.4787981812403004e-05,2.3960351133824363e-05,6.52324427113353e-05,0.4629912926628365,_default_spsolve,_default_spsolve,1,1,True,True,nan,nan,2.996697841124252e-12,1.5381036474842932e-15,0.6427078330889344
9,0.07880000000000001,50,1.5880090142640464e-06,1.2566564792006825e-05,2.0361036861948288e-05,5.543337341579146e-05,0.462991864437879,_default_spsolve,_default_spsolve,1,1,True,True,nan,nan,4.860767775712169e-12,2.0040000510119407e-15,0.6467831670306623
9,0.07880000000000001,51,1.3494658489927215e-06,1.0678894496731529e-05,1.7302498693947894e-05,4.710652084344402e-05,0.4629923503205843,_default_spsolve,_default_spsolve,1,1,True,True,nan,nan,8.148178500095e-12,1.6676794867730181e-15,0.6409486657939851
9,0.07880000000000001,52,1.1467601641611903e-06,9.0748145402614e-06,1.4703459340954013e-05,4.00306361695072e-05,0.4629927632159126,_default_spsolve,_default_spsolve,1,1,True,True,nan,nan,3.4183539352695177e-12,1.806377490460183e-15,0.6408050833269954
9,0.07880000000000001,53,9.745069760019844e-07,7.711710419428532e-06,1.2494873947423913e-05,3.4017739169780224e-05,0.4629931140893731,_default_spsolve,_default_spsolve,1,1,True,True,nan,nan,4.508601105118305e-12,2.18279939580428e-15,0.6403688751161098
9,0.07880000000000001,54,8.281302904465423e-07,6.553373401236972e-06,1.0618070312461292e-05,2.8908106622340577e-05,0.4629934122583439,_default_spsolve,_default_spsolve,1,1,True,True,nan,nan,4.73638577492724e-12,2.0025073262880205e-15,0.6433352502062917
9,0.07880000000000001,55,7.037421968796456e-07,5.569038174707876e-06,9.023198661511119e-06,2.4566027217059344e-05,0.46299366564058353,_default_spsolve,_default_spsolve,1,1,True,True,nan,nan,6.49604629629387e-12,1.6497315595459449e-15,0.6686162911355495
9,0.07880000000000001,56,5.980386954596278e-07,4.732562765385693e-06,7.667895971464724e-06,2.087618401125523e-05,0.4629938809636553,_default_spsolve,_default_spsolve,1,1,True,True,nan,nan,3.4476040855366205e-12,1.6860779508777598e-15,0.6381669999100268
9,0.07880000000000001,57,5.082134052529302e-07,4.021733975598292e-06,6.516179558896762e-06,1.7740590601985303e-05,0.4629940639447934,_default_spsolve,_default_spsolve,1,1,True,True,nan,nan,4.176695275466817e-12,2.168630660238029e-15,0.6423795409500599
9,0.07880000000000001,58,4.3188028498147237e-07,3.4176765160690453e-06,5.53745622566998e-06,1.5075984699505277e-05,0.46299421944209185,_default_spsolve,_default_spsolve,1,1,True,True,nan,nan,3.4425617215696287e-12,1.82464557834834e-15,0.641229999717325
9,0.07880000000000001,59,3.670128912691429e-07,2.90435141906222e-06,4.705743444034823e-06,1.2811615537602237e-05,0.46299435158391905,_default_spsolve,_default_spsolve,1,1,True,True,nan,nan,5.240726108122776e-12,1.7026943820571036e-15,0.6372987502254546
9,0.07880000000000001,60,3.1188881561890025e-07,2.468128608733243e-06,3.998956942060476e-06,1.088735840467176e-05,0.46299446387828275,_default_spsolve,_default_spsolve,1,1,True,True,nan,nan,3.5778996117769606e-12,1.8352026784208825e-15,0.6378640830516815
9,0.07880000000000001,61,2.6504448823928953e-07,2.0974271304240145e-06,3.3983312101017313e-06,9.252127630548661e-06,0.46299455930647904,_default_spsolve,_default_spsolve,1,1,True,True,nan,nan,4.186577349700148e-12,1.916726550721409e-15,0.642678250093013
10,0.081,1,0.07743807003479347,0.20716198545463702,1.0,1.0,0.4739005260885464,_default_spsolve,_default_spsolve,1,1,True,True,nan,nan,4.019057773353132e-12,2.487335439260137e-15,0.6301919999532402
10,0.081,2,0.0180538571940867,0.10968579865687045,0.2331392968080813,0.5294687556510639,0.4821618344463618,_default_spsolve,_default_spsolve,1,1,True,True,nan,nan,3.4856121110784083e-12,1.993324123241656e-15,0.6407866673544049
10,0.081,3,0.011997492316105028,0.08311311382853617,0.15493015658466786,0.40119867381139646,0.49079059058881797,_default_spsolve,_default_spsolve,1,1,True,True,nan,nan,3.59947646255438e-12,1.9373364698099168e-15,0.6435945420525968
10,0.081,4,0.009544599657828143,0.07010038130674126,0.12325461692859452,0.3383843862709618,0.5002935213286849,_default_spsolve,_default_spsolve,1,1,True,True,nan,nan,3.517223372526929e-12,1.634134124497242e-15,0.6399161252193153
10,0.081,5,0.008236982364075074,0.06263943365790973,0.1063686421985225,0.3023693440688041,0.5096185819136223,_default_spsolve,_default_spsolve,1,1,True,True,nan,nan,7.279249904193326e-12,1.8804688074128823e-15,0.6029495419934392
10,0.081,6,0.007479775027400857,0.057994293705177634,0.09659041120265706,0.2799466011001176,0.5186971943099467,_default_spsolve,_default_spsolve,1,1,True,True,nan,nan,8.4625939977558e-12,1.6868047986604389e-15,0.6580484160222113
10,0.081,7,0.007025852649526577,0.05510364770983,0.09072866416182392,0.26599304688502434,0.5276456440979432,_default_spsolve,_default_spsolve,1,1,True,True,nan,nan,5.065054999536002e-12,1.7431442202888976e-15,0.6441990840248764
10,0.081,8,0.0067713853895843374,0.05344726422643072,0.08744258975645837,0.2579974511691203,0.5365717864373992,_default_spsolve,_default_spsolve,1,1,True,True,nan,nan,3.4079804161739296e-12,1.7508323870439665e-15,0.6465402920730412
10,0.081,9,0.006662498703646286,0.05279605891696086,0.0860364766406598,0.2548539916775503,0.5455932602293246,_default_spsolve,_default_spsolve,1,1,True,True,nan,nan,3.3473644405055407e-12,1.7349686843637619e-15,0.6416390002705157
10,0.081,10,0.006678055724376707,0.053076676815333255,0.08623737292750464,0.2562085736861971,0.5548406728828789,_default_spsolve,_default_spsolve,1,1,True,True,nan,nan,5.018901680169005e-12,1.3503274735830637e-15,0.6466186251491308
10,0.081,11,0.006816259890878494,0.05426450867928092,0.08802207864705178,0.261942404926233,0.5644557496598069,_default_spsolve,_default_spsolve,1,1,True,True,nan,nan,3.088513385884081e-12,1.6828729854729585e-15,0.641093083191663
10,0.081,12,0.007081055431458806,0.056396212350763884,0.09144152776892862,0.27223243794944785,0.5746030548780943,_default_spsolve,_default_spsolve,1,1,True,True,nan,nan,3.0349332734430495e-12,1.5542666450189225e-15,0.6427835840731859
10,0.081,13,0.0074856133386763,0.059576675474043356,0.09666580449787761,0.2875849801463168,0.5854810212442911,_default_spsolve,_default_spsolve,1,1,True,True,nan,nan,4.100919011881884e-12,1.3752611134439484e-15,0.6394634577445686
10,0.081,14,0.008054928837986771,0.06399717223202832,0.10401768580192708,0.30892333886248646,0.5973363098925977,_default_spsolve,_default_spsolve,1,1,True,True,nan,nan,3.329296652244591e-12,1.3750708212286056e-15,0.6384713752195239
10,0.081,15,0.008830509390436335,0.06994391144164097,0.11403318014600215,0.3376290842556963,0.6104845182467183,_default_spsolve,_default_spsolve,1,1,True,True,nan,nan,3.006512854722828e-12,1.4861178578121856e-15,0.6241328753530979
10,0.081,16,0.009874991995940174,0.07785471879607647,0.1275211532454679,0.3758156624402723,0.6253430977808959,_default_spsolve,_default_spsolve,1,1,True,True,nan,nan,2.891469716318878e-12,1.110327730850878e-15,0.6437642090022564
10,0.081,17,0.011286888807603083,0.0884061451281957,0.145753746219809,0.4267488793090096,0.6424778706147662,_default_spsolve,_default_spsolve,1,1,True,True,nan,nan,7.13604361058359e-12,1.103506887697436e-15,0.6250440827570856
10,0.081,18,0.013225716758268355,0.1025081898192667,0.17079088815521806,0.49482142968606213,0.6626541060841159,_default_spsolve,_default_spsolve,1,1,True,True,nan,nan,3.5928619221614574e-12,1.3210777820948132e-15,0.6351918331347406
10,0.081,19,0.01593185233997778,0.1214393783962979,0.2057366916920771,0.5862049358611207,0.686921246606162,_default_spsolve,_default_spsolve,1,1,True,True,nan,nan,4.823502300765929e-12,1.1816859475963663e-15,0.633971625007689
10,0.081,20,0.01979370660883129,0.14703725900670236,0.25560692047125966,0.7097695008281315,0.716723803749846,_default_spsolve,_default_spsolve,1,1,True,True,nan,nan,4.968671645495633e-12,9.80070381016066e-16,0.6381229581311345
10,0.081,21,0.025478848424936838,0.18182322918532065,0.3290222549902007,0.8776862646218223,0.7539477218649157,_default_spsolve,_default_spsolve,1,1,True,True,nan,nan,2.8402868441390877e-12,1.0506104917543123e-15,0.644395959097892
10,0.081,22,0.03417680214518492,0.2281824594199126,0.44134367152782916,1.1014687801873695,0.8005558591805688,_default_spsolve,_default_spsolve,1,1,True,True,nan,nan,6.971346787208172e-12,8.092907081708869e-16,0.6794718750752509
10,0.081,23,0.047907074552483546,0.2863158288924169,0.6186501617480725,1.3820867195497724,0.8569182753522944,_default_spsolve,_default_spsolve,1,1,True,True,nan,nan,4.884892862925616e-12,6.517385241653504e-16,0.6457957499660552
10,0.081,24,0.06982089629905414,0.3462383848696295,0.9016352843980114,1.6713413134643205,0.9168578254198907,_default_spsolve,_default_spsolve,1,1,True,True,nan,nan,4.592892682445432e-12,4.925556322371908e-16,0.6573139168322086
10,0.081,25,0.10163696173356129,0.38859430585405025,1.312493476243598,1.875799293008524,0.963576612274075,_default_spsolve,_default_spsolve,1,1,True,True,nan,nan,4.1624013909292555e-12,4.642377723978645e-16,0.6294895838946104
10,0.081,26,0.134991848115642,0.40664160216155837,1.74322330160074,1.9629161270546043,0.9866042560341106,_default_spsolve,_default_spsolve,1,1,True,True,nan,nan,5.214648688586306e-12,5.199043956866273e-16,0.690354541875422
10,0.081,27,0.14582371449164705,0.41575377019411236,1.8831010951864815,2.006901841965361,0.9902925270024096,_default_spsolve,_default_spsolve,1,1,True,True,nan,nan,4.642194270825875e-12,4.3478223143979202e-16,0.8834132920019329
10,0.081,28,0.12552017467451795,0.4187270728602423,1.6209104206512488,2.0212543915395735,0.9911480589993319,_default_spsolve,_default_spsolve,1,1,True,True,nan,nan,4.886895156060898e-12,4.887994775016364e-16,0.7609579581767321
10,0.081,29,0.11122819774923777,0.41446696496730917,1.436350333876634,2.000690252401865,0.9920280162422497,_default_spsolve,_default_spsolve,1,1,True,True,nan,nan,3.3260699086409505e-12,6.241654481527405e-16,0.6652864580973983
10,0.081,30,0.10449531062601554,0.4090757375242059,1.3494048932142169,1.9746660403280536,0.9924640037379152,_default_spsolve,_default_spsolve,1,1,True,True,nan,nan,5.130436271549165e-12,6.442937428100005e-16,0.6424598749727011
10,0.081,31,0.10006228684062993,0.40110390474585417,1.292158841196213,1.936184883851122,0.99289162559676,_default_spsolve,_default_spsolve,1,1,True,True,nan,nan,3.969956699872649e-12,5.807525388240437e-16,0.6490124156698585
10,0.081,32,0.0972916079507711,0.39614528352983236,1.2563795547468746,1.912248922795624,0.9931725198717425,_default_spsolve,_default_spsolve,1,1,True,True,nan,nan,2.1692991180502554e-12,6.457047181325489e-16,0.6227530422620475
10,0.081,33,0.0953356605608856,0.3896938519960877,1.2311213401631862,1.8811069566690377,0.9934363025794657,_default_spsolve,_default_spsolve,1,1,True,True,nan,nan,2.1500229346094127e-12,6.319617444298613e-16,0.6479780841618776
10,0.081,34,0.09468306828010081,0.38828164843287316,1.2226940603963792,1.8742900517233,0.9936424035687874,_default_spsolve,_default_spsolve,1,1,True,True,nan,nan,3.1455420468789182e-12,6.60718117229994e-16,0.6312754577957094
10,0.081,35,0.09471943464863118,0.3880282969256502,1.223163679131893,1.8730670884143372,0.9938339197100716,_default_spsolve,_default_spsolve,1,1,True,True,nan,nan,2.248611460865727e-12,5.94385362782187e-16,0.6441401671618223
10,0.081,36,0.09646554656595775,0.39164060494598346,1.245712173903806,1.890504206582546,0.9940011968113293,_default_spsolve,_default_spsolve,1,1,True,True,nan,nan,3.0466524611164e-12,6.96682147391415e-16,0.6214410830289125
10,0.081,37,0.09924289007175138,0.40176583210771877,1.2815775241707452,1.9393801001955295,0.9941607016876574,_default_spsolve,_default_spsolve,1,1,True,True,nan,nan,1.9859356740555466e-12,5.923445125534424e-16,0.6259768749587238
10,0.081,38,0.10432135886305863,0.4160235603633693,1.3471585593001776,2.008204157004797,0.9943095433804795,_default_spsolve,_default_spsolve,1,1,True,True,nan,nan,2.249438097276672e-12,4.954245415261397e-16,0.6422685831785202
10,0.081,39,0.11267291834608235,0.43960565590923495,1.4550067982770958,2.1220382443452537,0.9944599910481478,_default_spsolve,_default_spsolve,1,1,True,True,nan,nan,1.6899986271034838e-12,5.850082167722013e-16,0.6117412918247283
10,0.081,40,0.12467276889142641,0.473256559530588,1.609967407961098,2.2844758824452307,0.9946095414623181,_default_spsolve,_default_spsolve,1,1,True,True,nan,nan,1.3407987569211308e-12,6.754640243167181e-16,0.6240954170934856
10,0.081,41,0.14450242139848152,0.5173156497564729,1.866038517405658,2.4971552991306476,0.9947704892028982,_default_spsolve,_default_spsolve,1,1,True,True,nan,nan,2.820303939412173e-12,5.777552345981037e-16,0.6854404588229954
10,0.081,42,0.1759242992222117,0.5723944758163289,2.2718063498117615,2.763028528425009,0.9949477025861863,_default_spsolve,_default_spsolve,1,1,True,True,nan,nan,1.7871171589858798e-12,5.2894344160701e-16,0.622815958224237
10,0.081,43,0.22790152196167648,0.6104122012358584,2.9430165532183166,2.946545428671432,0.9951536363075548,_default_spsolve,_default_spsolve,1,1,True,True,nan,nan,2.0637863033307073e-12,3.5930658993409485e-16,0.6485271248966455
10,0.081,44,0.31042423320045737,0.5524391954460507,4.008677296076485,2.6667015873287245,0.9953974745556985,_default_spsolve,_default_spsolve,1,1,True,True,nan,nan,1.5410888381329367e-12,2.531684261553954e-16,0.6295691668055952
10,0.081,45,0.3855168930115453,0.29459531015044477,4.978389735673033,1.4220529384477893,0.9959624323197555,_default_spsolve,_default_spsolve,1,1,True,True,nan,nan,1.129132282474518e-12,1.9846941352038673e-16,0.6064977082423866
10,0.081,46,0.27906277795611184,0.03980571548947528,3.603689733366637,0.19214777943992856,0.9969080546420073,_default_spsolve,_default_spsolve,1,1,True,True,nan,nan,1.3382784705148226e-13,1.3807640571915555e-16,0.653884916100651
10,0.081,47,0.07945388518250596,0.00025883316458587583,1.026031319566807,0.001249424038960823,0.9969080546420073,_default_spsolve,_default_spsolve,1,1,True,True,nan,nan,7.54558155045692e-14,1.9677670910612918e-16,0.6428316668607295
10,0.081,48,0.000640743434632853,2.3150408119778002e-15,0.008274269159148239,1.1175027150358784e-14,0.9969080546420073,_default_spsolve,_default_spsolve,1,1,True,True,nan,nan,7.894692430841308e-14,1.66913606458327e-16,0.6133725410327315
10,0.081,49,3.0319620977149315e-14,8.725241990456306e-16,3.91533789046221e-13,4.21179685612103e-15,0.9969080546420073,_default_spsolve,_default_spsolve,1,1,True,True,nan,nan,1.0540276089809215e-13,3.2651483349074833e-16,0.6570553747005761
11,0.08320000000000001,1,0.012025372354544199,0.00916071603060354,1.0,1.0,0.9971965966950618,_default_spsolve,_default_spsolve,1,1,True,True,nan,nan,8.436925161695193e-14,2.536823754417049e-16,0.6137417503632605
11,0.08320000000000001,2,0.01584598445077649,7.565850977256159e-06,1.3177125816639301,0.0008259017037511744,0.9971965966950618,_default_spsolve,_default_spsolve,1,1,True,True,nan,nan,6.658101142956073e-14,1.4881818872257843e-16,0.6161736659705639
11,0.08320000000000001,3,2.241692601514072e-05,1.5934107251988764e-15,0.0018641357085853326,1.739395392102223e-13,0.9971965966950618,_default_spsolve,_default_spsolve,1,1,True,True,nan,nan,9.135950723110167e-14,1.3880443773511733e-16,0.6394588751718402
11,0.08320000000000001,4,6.120031094239119e-14,8.142537329469367e-16,5.089265358112969e-12,8.888538081812922e-14,0.9971965966950618,_default_spsolve,_default_spsolve,1,1,True,True,nan,nan,7.083228050432728e-14,1.851947270063373e-16,0.6484894580207765
12,0.0854,1,0.011706206504870094,0.0039657481107604866,1.0,1.0,0.9976192692738514,_default_spsolve,_default_spsolve,1,1,True,True,nan,nan,7.719617658625654e-14,2.455769346022828e-16,0.6090903752483428
12,0.0854,2,0.008317098805769176,2.329722396035719e-15,0.7104862537927245,5.874610113825315e-13,0.9976192692738514,_default_spsolve,_default_spsolve,1,1,True,True,nan,nan,7.108434663137372e-14,4.888611464031776e-16,0.6157377916388214
12,0.0854,3,3.188407197310122e-14,1.1022265400263586e-15,2.723689519729265e-12,2.77936598402613e-13,0.9976192692738514,_default_spsolve,_default_spsolve,1,1,True,True,nan,nan,6.652124518439638e-14,4.4972263225957e-16,0.6476938328705728
13,0.08760000000000001,1,0.011539171303298646,0.006601124429063712,1.0,1.0,0.998303583233528,_default_spsolve,_default_spsolve,1,1,True,True,nan,nan,8.847523997051752e-14,2.3936685341192247e-16,0.6630142913199961
13,0.08760000000000001,2,0.012309106120208345,2.7473277798351182e-15,1.0667235797677779,4.1619087919916584e-13,0.998303583233528,_default_spsolve,_default_spsolve,1,1,True,True,nan,nan,8.795036685303989e-14,2.238796510121334e-16,0.6431568330153823
13,0.08760000000000001,3,2.1744663288879895e-14,1.1585940865532157e-15,1.884421568701719e-12,1.755146564806608e-13,0.998303583233528,_default_spsolve,_default_spsolve,1,1,True,True,nan,nan,1.2002895949496875e-13,6.710356661832314e-17,0.6464487500488758
14,0.0898,1,0.011299326937630617,0.0047376406202036024,1.0,1.0,0.9987806545250121,_default_spsolve,_default_spsolve,1,1,True,True,nan,nan,5.4906106237770253e-14,2.5187085047497244e-16,0.6482542920857668
14,0.0898,2,0.009557865054642203,2.3370761723631303e-15,0.8458791490324302,4.932995893349744e-13,0.9987806545250121,_default_spsolve,_default_spsolve,1,1,True,True,nan,nan,6.053846347401905e-14,1.556197099329085e-16,0.641920542344451
14,0.0898,3,2.2101499096842963e-14,9.205101949944882e-16,1.956001381218329e-12,1.9429717633477418e-13,0.9987806545250121,_default_spsolve,_default_spsolve,1,1,True,True,nan,nan,6.194163108453792e-14,2.250759155658371e-16,0.6495457920245826
15,0.092,1,0.011117658042029627,0.005574220309320792,1.0,1.0,0.9993260433031628,_default_spsolve,_default_spsolve,1,1,True,True,nan,nan,4.891004247969024e-14,2.647739113600241e-16,0.6260735001415014
15,0.092,2,0.010818683137332915,2.5578415621064506e-15,0.9731081039220261,4.588698365275267e-13,0.9993260433031628,_default_spsolve,_default_spsolve,1,1,True,True,nan,nan,7.124080198877754e-14,1.413163084867294e-16,0.6588242501020432
15,0.092,3,2.804259608107896e-14,1.0077627072472876e-15,2.5223474202089717e-12,1.807898955055979e-13,0.9993260433031628,_default_spsolve,_default_spsolve,1,1,True,True,nan,nan,7.06653455319766e-14,1.9302720871260759e-16,0.6480036247521639
16,0.0942,1,0.010917969250750918,0.004869335491987502,1.0,1.0,0.9997802794155173,_default_spsolve,_default_spsolve,1,1,True,True,nan,nan,9.599463923926763e-14,2.463523930094019e-16,0.6524855000898242
16,0.0942,2,0.009756980603008622,2.89505242970816e-15,0.8936625831161372,5.945477436237394e-13,0.9997802794155173,_default_spsolve,_default_spsolve,1,1,True,True,nan,nan,8.514786184486515e-14,1.7662405655363304e-16,0.6501615419983864
16,0.0942,3,3.187798854006052e-14,9.134511336702707e-16,2.9197726983768533e-12,1.8759256477056383e-13,0.9997802794155173,_default_spsolve,_default_spsolve,1,1,True,True,nan,nan,1.0172435799645259e-13,1.6217461806081513e-16,0.6514264582656324
17,0.0964,1,0.01074144409680499,0.005008061210511804,1.0,1.0,1.0,_default_spsolve,_default_spsolve,1,1,True,True,nan,nan,7.516272572750467e-14,2.226080643243828e-16,0.6440301658585668
17,0.0964,2,0.009543814676539334,3.049122272610322e-15,0.8885038725266106,6.088428524416366e-13,1.0,_default_spsolve,_default_spsolve,1,1,True,True,nan,nan,4.52600599307549e-14,2.410592953730804e-16,0.6503561669960618
17,0.0964,3,2.2407118695219393e-14,1.0871994913098387e-15,2.0860434121594805e-12,2.1708989679036517e-13,1.0,_default_spsolve,_default_spsolve,1,1,True,True,nan,nan,3.603214527484331e-14,1.4479134450770453e-16,0.6459661670960486
18,0.09860000000000001,1,0.01057303584825661,0.004924748845287646,1.0,1.0,1.0,_default_spsolve,_default_spsolve,1,1,True,True,nan,nan,4.464169732619639e-14,2.2475955947490397e-16,0.6582933748140931
18,0.09860000000000001,2,0.008199094322889828,2.7223563050398306e-15,0.7754721009710545,5.527908915892792e-13,1.0,_default_spsolve,_default_spsolve,1,1,True,True,nan,nan,6.62975127917171e-14,1.7582234614568603e-16,0.6288999170064926
18,0.09860000000000001,3,2.9003071648363426e-14,1.046945181232686e-15,2.743116741928549e-12,2.1258854291310277e-13,1.0,_default_spsolve,_default_spsolve,1,1,True,True,nan,nan,3.812349581138394e-14,9.991254866833366e-17,0.6413876251317561
19,0.1008,1,0.010435357035105819,0.0055880910092277105,1.0,1.0,1.0,_default_spsolve,_default_spsolve,1,1,True,True,nan,nan,4.0433391054035684e-14,1.9659004054370155e-16,0.6440294999629259
19,0.1008,2,0.006810758104011969,2.6741121045891774e-15,0.6526617231302911,4.785376795355284e-13,1.0,_default_spsolve,_default_spsolve,1,1,True,True,nan,nan,3.206912698330364e-14,1.3831468131976365e-16,0.6429108749143779
19,0.1008,3,2.1232377855375545e-14,9.132950549787899e-16,2.034657538208537e-12,1.6343596649923025e-13,1.0,_default_spsolve,_default_spsolve,1,1,True,True,nan,nan,3.974104831418642e-14,1.3209618442842478e-16,0.6269017499871552
20,0.10300000000000001,1,0.01032652812473926,0.006270981038540947,1.0,1.0,1.0,_default_spsolve,_default_spsolve,1,1,True,True,nan,nan,5.2303419772206213e-14,2.5233036474700544e-16,0.6164837498217821
20,0.10300000000000001,2,0.007118845653751376,2.1381042561785256e-15,0.6893745475496997,3.4095211626983216e-13,1.0,_default_spsolve,_default_spsolve,1,1,True,True,nan,nan,2.689142276836986e-14,1.3466349707412968e-16,0.6133557497523725
20,0.10300000000000001,3,2.1569546205454297e-14,8.802841833986084e-16,2.088751025020708e-12,1.4037423777690483e-13,1.0,_default_spsolve,_default_spsolve,1,1,True,True,nan,nan,3.3144375783408046e-14,9.964952269662966e-17,0.6193724167533219
21,0.1052,1,0.010216559146473366,0.00615498345169828,1.0,1.0,1.0,_default_spsolve,_default_spsolve,1,1,True,True,nan,nan,3.422772059630674e-14,1.949421823546911e-16,0.5851015001535416
21,0.1052,2,0.006882065245691159,2.452432714186252e-15,0.6736186955925142,3.984466787655746e-13,1.0,_default_spsolve,_default_spsolve,1,1,True,True,nan,nan,4.792249216441614e-14,1.7393617462580752e-16,0.6072637080214918
21,0.1052,3,1.9071315277310348e-14,6.832526650539749e-16,1.8667062955235313e-12,1.1100804257490769e-13,1.0,_default_spsolve,_default_spsolve,1,1,True,True,nan,nan,2.6922057837941596e-14,1.1177868473651588e-16,0.6140509583055973
22,0.1074,1,0.010113061176221714,0.006013496452824178,1.0,1.0,1.0,_default_spsolve,_default_spsolve,1,1,True,True,nan,nan,2.4688486717439838e-14,2.3061322816025594e-16,0.6460087923333049
22,0.1074,2,0.006424714763372486,2.6746136838983104e-15,0.6352888261448042,4.44768481179066e-13,1.0,_default_spsolve,_default_spsolve,1,1,True,True,nan,nan,3.659626580977467e-14,1.3181699342038661e-16,0.6592823332175612
22,0.1074,3,3.287071626036506e-14,1.0248950692201324e-15,3.25032309086117e-12,1.7043247256574014e-13,1.0,_default_spsolve,_default_spsolve,1,1,True,True,nan,nan,3.019739617774352e-14,1.5005034989535906e-16,0.6956242080777884
23,0.1096,1,0.010018756313794158,0.005970831108720593,1.0,1.0,1.0,_default_spsolve,_default_spsolve,1,1,True,True,nan,nan,2.857376488404595e-14,1.9438959003616517e-16,0.6507569998502731
23,0.1096,2,0.006277335282439236,1.006163864919283e-06,0.6265583357683221,0.0001685132013614902,1.0,_default_spsolve,_default_spsolve,1,1,True,True,nan,nan,3.077931121473284e-14,1.5550503553403607e-16,0.653463208116591
23,0.1096,3,2.8280164259987328e-06,3.2911986680659353e-15,0.00028227220399652055,5.512128224928408e-13,1.0,_default_spsolve,_default_spsolve,1,1,True,True,nan,nan,2.5479121409984167e-14,1.5853657087147516e-16,0.6092039998620749
23,0.1096,4,2.3058944524616606e-14,1.341205565288691e-15,2.3015775414028467e-12,2.246262774590654e-13,1.0,_default_spsolve,_default_spsolve,1,1,True,True,nan,nan,2.283481714883736e-14,9.716364562937058e-17,0.6207448341883719
24,0.11180000000000001,1,0.009929259108157576,0.005864284084640971,1.0,1.0,1.0,_default_spsolve,_default_spsolve,1,1,True,True,nan,nan,2.2048903786888245e-14,1.480001828672306e-16,0.6074335826560855
24,0.11180000000000001,2,0.006167881246139489,2.3425500923022748e-06,0.6211824244844357,0.0003994605408761831,1.0,_default_spsolve,_default_spsolve,1,1,True,True,nan,nan,3.345528995545456e-14,1.4672678441322468e-16,0.6176294577307999
24,0.11180000000000001,3,7.139279729251173e-06,2.52903555163902e-15,0.0007190143445230228,4.3126074984374753e-13,1.0,_default_spsolve,_default_spsolve,1,1,True,True,nan,nan,2.731753806636814e-14,1.3489538010265748e-16,0.6502881669439375
24,0.11180000000000001,4,1.49148523378147e-14,1.37296940291171e-15,1.5021113031042884e-12,2.3412395837159844e-13,1.0,_default_spsolve,_default_spsolve,1,1,True,True,nan,nan,2.9006801561859846e-14,1.2083319662405067e-16,0.604153084103018
25,0.114,1,0.009842844814436412,0.005747105261115348,1.0,1.0,1.0,_default_spsolve,_default_spsolve,1,1,True,True,nan,nan,2.8915910924904e-14,1.5514909579425909e-16,0.6129933330230415
25,0.114,2,0.006189232544431942,3.8431005559732427e-07,0.6288052550980231,6.687019606158053e-05,1.0,_default_spsolve,_default_spsolve,1,1,True,True,nan,nan,2.9192272269380785e-14,1.7690333314041803e-16,0.6022212919779122
25,0.114,3,1.045315541813432e-06,2.3303505473032395e-15,0.00010620055090986266,4.054824892577286e-13,1.0,_default_spsolve,_default_spsolve,1,1,True,True,nan,nan,2.495331056093864e-14,1.78533922209559e-16,0.6057484578341246
25,0.114,4,2.1504919155859907e-14,8.801769860317515e-16,2.184827614504176e-12,1.5315135986580738e-13,1.0,_default_spsolve,_default_spsolve,1,1,True,True,nan,nan,2.9189161485266794e-14,1.6892751432620434e-16,0.7086665406823158
26,0.1162,1,0.00975859687036817,0.005622295173407706,1.0,1.0,1.0,_default_spsolve,_default_spsolve,1,1,True,True,nan,nan,2.121945483964049e-14,2.287225809193087e-16,0.629656916949898
26,0.1162,2,0.00598501854820101,2.870499385965005e-15,0.6133072846132652,5.105565071613233e-13,1.0,_default_spsolve,_default_spsolve,1,1,True,True,nan,nan,2.6772156944851045e-14,1.221130189154807e-16,0.6076783328317106
26,0.1162,3,3.032380367615517e-14,1.0571288556305319e-15,3.107393827101613e-12,1.8802443184244984e-13,1.0,_default_spsolve,_default_spsolve,1,1,True,True,nan,nan,2.5045371082476757e-14,1.5238379067255343e-16,0.6196345002390444
27,0.1184,1,0.009679174521904126,0.0055029679483174,1.0,1.0,1.0,_default_spsolve,_default_spsolve,1,1,True,True,nan,nan,3.603547292396687e-14,1.884760114891947e-16,0.6532600000500679
27,0.1184,2,0.005745536524014156,3.5076714889852714e-15,0.5935977816095696,6.37414486496834e-13,1.0,_default_spsolve,_default_spsolve,1,1,True,True,nan,nan,3.038581136087702e-14,1.2062832433204722e-16,0.6246848748996854
27,0.1184,3,2.859537703942225e-14,1.0881497218721357e-15,2.9543198105076476e-12,1.9773869884247658e-13,1.0,_default_spsolve,_default_spsolve,1,1,True,True,nan,nan,4.267639236765304e-14,1.2974704839255268e-16,0.6056850422173738
28,0.1206,1,0.009604724447573824,0.005392921708264755,1.0,1.0,1.0,_default_spsolve,_default_spsolve,1,1,True,True,nan,nan,2.5299593873742393e-14,1.6774170205655319e-16,0.6108535416424274
28,0.1206,2,0.005241836942473989,8.66364565858378e-05,0.5457560985831394,0.01606484597265074,1.0,_default_spsolve,_default_spsolve,1,1,True,True,nan,nan,1.8180019024106823e-14,1.3229701104342903e-16,0.6586835836060345
28,0.1206,3,0.0003577102584652998,4.2858412553701635e-06,0.037243156783707446,0.0007947160161442785,1.0,_default_spsolve,_default_spsolve,1,1,True,True,nan,nan,2.1228889533084406e-14,2.3215337071838883e-16,0.611794542055577
28,0.1206,4,1.2560203669243453e-05,1.1298699726711854e-07,0.0013077109851304678,2.0950980447938604e-05,1.0,_default_spsolve,_default_spsolve,1,1,True,True,nan,nan,1.583766450195374e-14,1.7902604677604255e-16,0.6172214588150382
28,0.1206,5,3.4596595045624106e-07,3.1023589978759045e-09,3.6020393124722375e-05,5.752649798571116e-07,1.0,_default_spsolve,_default_spsolve,1,1,True,True,nan,nan,2.418600452469694e-14,1.5850601581999302e-16,0.6413545827381313
28,0.1206,6,9.375054100699929e-09,8.284056178095779e-11,9.760877734569564e-07,1.536097986625748e-08,1.0,_default_spsolve,_default_spsolve,1,1,True,True,nan,nan,3.027096355121945e-14,1.4991334338699497e-16,0.6374597093090415
29,0.12279999999999999,1,0.009537330365579192,0.005336836316534416,1.0,1.0,1.0,_default_spsolve,_default_spsolve,1,1,True,True,nan,nan,2.5129120287647454e-14,1.7841533170950958e-16,0.6144023747183383
29,0.12279999999999999,2,0.0051987436297023185,6.123700647386785e-05,0.5450942171894246,0.011474402219184672,1.0,_default_spsolve,_default_spsolve,1,1,True,True,nan,nan,2.777477638609858e-14,1.9097895466700768e-16,0.6166992909274995
29,0.12279999999999999,3,0.0002596239099211796,4.151364881815248e-06,0.027221863977594626,0.0007778700030491139,1.0,_default_spsolve,_default_spsolve,1,1,True,True,nan,nan,2.1808937713875447e-14,1.6613918042339296e-16,0.6191989588551223
29,0.12279999999999999,4,1.370437247764498e-05,1.2444630240581098e-07,0.001436919132748604,2.3318365980282253e-05,1.0,_default_spsolve,_default_spsolve,1,1,True,True,nan,nan,3.216638392331481e-14,1.4374766049994084e-16,0.6300925421528518
29,0.12279999999999999,5,3.789427726470268e-07,3.2540797009505235e-09,3.973258324097217e-05,6.097394613488215e-07,1.0,_default_spsolve,_default_spsolve,1,1,True,True,nan,nan,2.299154925499668e-14,2.0150238625792417e-16,0.6086969589814544
29,0.12279999999999999,6,1.0131163927691976e-08,8.912772002817644e-11,1.062264128361954e-06,1.6700478474867926e-08,1.0,_default_spsolve,_default_spsolve,1,1,True,True,nan,nan,2.3399238558335625e-14,1.721402570261841e-16,0.6416208334267139
30,0.125,1,0.009472952516297909,0.005243238349798807,1.0,1.0,1.0,_default_spsolve,_default_spsolve,1,1,True,True,nan,nan,2.422144894562894e-14,1.586642316937504e-16,0.6422891253605485
30,0.125,2,0.005024551268325496,5.4674568403767066e-05,0.5304102664592605,0.010427633602783867,1.0,_default_spsolve,_default_spsolve,1,1,True,True,nan,nan,2.272426618208203e-14,1.869026670230956e-16,0.6457731248810887
30,0.125,3,0.000244217095894572,3.5263821731001276e-06,0.025780462371621134,0.0006725580524553956,1.0,_default_spsolve,_default_spsolve,1,1,True,True,nan,nan,3.1529325357034363e-14,2.3425937245596914e-16,0.6192694590426981
30,0.125,4,1.1432216410268849e-05,1.0517685111466295e-07,0.0012068271629779722,2.0059521253444215e-05,1.0,_default_spsolve,_default_spsolve,1,1,True,True,nan,nan,3.705922843723638e-14,2.1364990171490896e-16,0.6355739999562502
30,0.125,5,3.346951913207624e-07,3.0048474525732923e-09,3.533166568131004e-05,5.730899974609383e-07,1.0,_default_spsolve,_default_spsolve,1,1,True,True,nan,nan,2.5957613680001484e-14,1.8377218162561504e-16,0.6130222920328379
30,0.125,6,9.616756199408157e-09,8.684640828514788e-11,1.0151804501144535e-06,1.6563505698435462e-08,1.0,_default_spsolve,_default_spsolve,1,1,True,True,nan,nan,3.34954767223181e-14,1.2919985315623242e-16,0.6032827910967171
