gdof_sigma,gdof_u,gdof_d,elastic_formulation,history_source,max_d,max_H,R,residual_force,R_dir,load,load_dir,linear_solver_elastic,linear_solver_phase,linear_niter_elastic,linear_niter_phase,linear_converged_elastic,linear_converged_phase,linear_cb_res_elastic,linear_cb_res_phase,linear_res_elastic,linear_res_phase,t_step_s,t_init_damage_s,t_elastic_assemble_s,t_elastic_solve_s,t_phase_assemble_s,t_phase_solve_s,d_relaxation,stagger_tol,reaction_y,disp_y,step,iters,converged,err_u,err_d
1542675,1119744,187489,standard,from_u,1.0,0.0,-0.0,-0.0,y,0.0,y,solve_direct_pardiso,spsolve-phase-fallback,1,1,True,True,nan,0.0,0.0,3.981500657126267e-14,455.43740087747574,0.0058441609144210815,23.620324477553368,386.5250837355852,1.999449148774147,9.868788495659828,1.0,1e-05,-0.0,0.0,0,2,True,0.0,2.0385273524473433e-09
1542675,1119744,187489,standard,from_u,1.0,0.08102835295349961,-0.014657732446327787,-0.014657732446327787,y,0.0001,y,solve_direct_pardiso,spsolve-phase-fallback,1,1,True,True,nan,0.0,1.6625572653305536e-06,1.827387937398037e-15,515.5910200178623,5.602836608886719e-06,35.497259706258774,461.7866078913212,2.2831286191940308,12.89376287162304,1.0,1e-05,-0.014657732446327787,0.0001,1,3,True,8.089535661325611e-08,5.565702060681208e-07
1542675,1119744,187489,standard,from_u,1.0,0.08102835295349961,-0.014657732446327787,-0.014657732446327787,y,0.0001,y,solve_direct_pardiso,spsolve-phase-fallback,1,1,True,True,nan,0.0,1.6625572653305536e-06,1.827387937398037e-15,519.8707864582539,5.125999450683594e-06,34.55551637709141,466.38758566975594,2.3374341428279877,13.434798255562782,1.0,1e-05,-0.014657732446327787,0.0001,1,3,True,8.089535661325611e-08,5.565702060681208e-07
1542675,1119744,187489,standard,from_u,1.0,0.3264084787979791,-0.029307107579697327,-0.029307107579697327,y,0.0002,y,solve_direct_pardiso,gmres-phase,1,186,True,True,nan,3.2597879463878612e-09,4.279333050019049e-07,3.259787952285692e-09,453.7680114507675,4.559755325317383e-06,35.89949743449688,402.53076976537704,2.4892903715372086,9.836306124925613,1.0,1e-05,-0.029307107579697327,0.0002,2,3,True,3.1585941408753044e-07,6.22582641692957e-06
1542675,1119744,187489,standard,from_u,1.0,0.3264084787979791,-0.029307107579697327,-0.029307107579697327,y,0.0002,y,solve_direct_pardiso,gmres-phase,1,186,True,True,nan,3.2597879463878612e-09,4.279333050019049e-07,3.259787952285692e-09,462.6131984591484,4.26173210144043e-06,34.69054816663265,412.4202697277069,2.354822039604187,10.009940937161446,1.0,1e-05,-0.029307107579697327,0.0002,2,3,True,3.1585941408753044e-07,6.22582641692957e-06
1542675,1119744,187489,standard,from_u,1.0,0.743251066922511,-0.043939804260944654,-0.043939804260944654,y,0.00030000000000000003,y,solve_direct_pardiso,spsolve-phase-fallback,1,1,True,True,nan,0.0,7.676209999087675e-13,6.624834379964395e-16,605.0113134533167,5.230307579040527e-06,47.22473292052746,536.1876471489668,2.994744524359703,15.51321056485176,1.0,1e-05,-0.043939804260944654,0.00030000000000000003,3,4,True,9.439462799621452e-07,7.222513570311773e-07
1542675,1119744,187489,standard,from_u,1.0,0.743251066922511,-0.043939804260944654,-0.043939804260944654,y,0.00030000000000000003,y,solve_direct_pardiso,spsolve-phase-fallback,1,1,True,True,nan,0.0,7.676209999087675e-13,6.624834379964395e-16,599.5092560052872,4.0531158447265625e-06,45.18004833161831,531.8538001477718,2.8506176471710205,16.439683005213737,1.0,1e-05,-0.043939804260944654,0.00030000000000000003,3,4,True,9.439462799621452e-07,7.222513570311773e-07
1542675,1119744,187489,standard,from_u,1.0,1.344211262252721,-0.05854757681103399,-0.05854757681103399,y,0.0004,y,solve_direct_pardiso,spsolve-phase-fallback,1,1,True,True,nan,0.0,4.7590014744524236e-05,9.14874135861958e-15,901.6431102007627,4.4852495193481445e-06,69.12685197591782,796.8630283921957,4.482074216008186,27.663051515817642,1.0,1e-05,-0.05854757681103399,0.0004,4,6,True,2.942905985347361e-07,3.0818156626826493e-07
1542675,1119744,187489,standard,from_u,1.0,1.344211262252721,-0.05854757681103399,-0.05854757681103399,y,0.0004,y,solve_direct_pardiso,spsolve-phase-fallback,1,1,True,True,nan,0.0,4.7590014744524236e-05,9.14874135861958e-15,911.5813375115395,4.857778549194336e-06,71.91062542796135,804.7802658826113,4.487315878272057,26.956149846315384,1.0,1e-05,-0.05854757681103399,0.0004,4,6,True,2.942905985347361e-07,3.0818156626826493e-07
1542675,1119744,187489,standard,from_u,1.0,2.1488883651808734,-0.07312228788089808,-0.07312228788089808,y,0.0005,y,solve_direct_pardiso,gmres-phase,1,183,True,True,nan,6.708015091570613e-09,6.857607368173273e-07,6.708015090079307e-09,975.4061745852232,4.4405460357666016e-06,64.8098276257515,884.3425839394331,4.510203868150711,17.883155211806297,1.0,1e-05,-0.07312228788089808,0.0005,5,5,True,3.685596705227141e-07,1.2242403780964408e-06
1542675,1119744,187489,standard,from_u,1.0,2.1488883651808734,-0.07312228788089808,-0.07312228788089808,y,0.0005,y,solve_direct_pardiso,gmres-phase,1,183,True,True,nan,6.708015091570613e-09,6.857607368173273e-07,6.708015090079307e-09,997.8510771989822,4.589557647705078e-06,67.62464772164822,904.1382186412811,4.807478353381157,17.792771846055984,1.0,1e-05,-0.07312228788089808,0.0005,5,5,True,3.685596705227141e-07,1.2242403780964408e-06
1542675,1119744,187489,standard,from_u,1.0,3.1862113897210005,-0.08765595231299203,-0.08765595231299203,y,0.0006000000000000001,y,solve_direct_pardiso,gmres-phase,1,195,True,True,nan,1.2121649491594087e-09,4.743648964078579e-05,1.2121649464689136e-09,1058.07251290977,5.260109901428223e-06,71.86057132482529,958.0791089236736,5.184154585003853,18.654416859149933,1.0,1e-05,-0.08765595231299203,0.0006000000000000001,6,5,True,1.0204752775662952e-07,3.999861446893397e-06
1542675,1119744,187489,standard,from_u,1.0,3.1862113897210005,-0.08765595231299203,-0.08765595231299203,y,0.0006000000000000001,y,solve_direct_pardiso,gmres-phase,1,195,True,True,nan,1.2121649491594087e-09,4.743648964078579e-05,1.2121649464689136e-09,1087.7491128742695,5.4836273193359375e-06,73.5870226174593,984.6383590251207,5.104306519031525,20.31536142528057,1.0,1e-05,-0.08765595231299203,0.0006000000000000001,6,5,True,1.0204752775662952e-07,3.999861446893397e-06
1542675,1119744,187489,standard,from_u,1.0,4.498440246064395,-0.10214076078006828,-0.10214076078006828,y,0.0007,y,solve_direct_pardiso,gmres-phase,1,188,True,True,nan,2.409665672312369e-09,2.733740471205197e-06,2.4096656685954345e-09,1221.5225950181484,4.872679710388184e-06,84.13989715278149,1104.8886210173368,5.452773556113243,23.221659243106842,1.0,1e-05,-0.10214076078006828,0.0007,7,6,True,2.535301445890912e-07,1.7670034666655187e-06
1542675,1119744,187489,standard,from_u,1.0,4.498440246064395,-0.10214076078006828,-0.10214076078006828,y,0.0007,y,solve_direct_pardiso,gmres-phase,1,188,True,True,nan,2.409665672312369e-09,2.733740471205197e-06,2.4096656685954345e-09,1227.7446808367968,5.841255187988281e-06,87.4716654419899,1108.0008546710014,5.375807195901871,22.032416850328445,1.0,1e-05,-0.10214076078006828,0.0007,7,6,True,2.535301445890912e-07,1.7670034666655187e-06
1542675,1119744,187489,standard,from_u,1.0,6.14781741411578,-0.11656903564254562,-0.11656903564254562,y,0.0008,y,solve_direct_pardiso,gmres-phase,1,203,True,True,nan,5.275084368289798e-10,8.948562320577834e-06,5.275084411452463e-10,1032.7917786091566,4.157423973083496e-06,69.41526590287685,933.7263056486845,4.356037721037865,21.65228743851185,1.0,1e-05,-0.11656903564254562,0.0008,8,6,True,7.383065340621151e-07,7.046933075726063e-06
1542675,1119744,187489,standard,from_u,1.0,6.14781741411578,-0.11656903564254562,-0.11656903564254562,y,0.0008,y,solve_direct_pardiso,gmres-phase,1,203,True,True,nan,5.275084368289798e-10,8.948562320577834e-06,5.275084411452463e-10,1070.8968312889338,6.750226020812988e-06,70.63940744102001,970.3789178729057,4.551906526088715,21.566931515932083,1.0,1e-05,-0.11656903564254562,0.0008,8,6,True,7.383065340621151e-07,7.046933075726063e-06
1542675,1119744,187489,standard,from_u,1.0,8.228327376636855,-0.13093363791819385,-0.13093363791819385,y,0.0009000000000000001,y,solve_direct_pardiso,gmres-phase,1,200,True,True,nan,6.339097464875022e-10,0.0006734376700571248,6.339097437834316e-10,1211.5052616000175,5.155801773071289e-06,79.56546919047832,1098.7829966694117,5.085125908255577,24.398372307419777,1.0,1e-05,-0.13093363791819385,0.0009000000000000001,9,7,True,1.247688327492847e-07,4.8366828206510496e-06
1542675,1119744,187489,standard,from_u,1.0,8.228327376636855,-0.13093363791819385,-0.13093363791819385,y,0.0009000000000000001,y,solve_direct_pardiso,gmres-phase,1,200,True,True,nan,6.339097464875022e-10,0.0006734376700571248,6.339097437834316e-10,1196.077882155776,5.9157609939575195e-06,81.57126116752625,1080.84150531888,5.185643702745438,24.78307355940342,1.0,1e-05,-0.13093363791819385,0.0009000000000000001,9,7,True,1.247688327492847e-07,4.8366828206510496e-06
1542675,1119744,187489,standard,from_u,1.0,10.88639719355977,-0.14522734185184188,-0.14522734185184188,y,0.001,y,solve_direct_pardiso,gmres-phase,1,201,True,True,nan,5.623896057688152e-10,2.5883433519589133e-05,5.623896022976678e-10,1388.0162309259176,4.589557647705078e-06,91.87930835783482,1258.8285770118237,5.828112915158272,27.698495268821716,1.0,1e-05,-0.14522734185184188,0.001,10,8,True,1.3898413903324511e-07,4.688679906871954e-06
1542675,1119744,187489,standard,from_u,1.0,10.88639719355977,-0.14522734185184188,-0.14522734185184188,y,0.001,y,solve_direct_pardiso,gmres-phase,1,201,True,True,nan,5.623896057688152e-10,2.5883433519589133e-05,5.623896022976678e-10,1386.8769621551037,4.604458808898926e-06,93.12750321626663,1256.5468372255564,5.907385662198067,27.490992799401283,1.0,1e-05,-0.14522734185184188,0.001,10,8,True,1.3898413903324511e-07,4.688679906871954e-06
1542675,1119744,187489,standard,from_u,1.0,14.359814391834764,-0.15944328270437358,-0.15944328270437358,y,0.0011,y,solve_direct_pardiso,gmres-phase,1,196,True,True,nan,1.2164023345928669e-09,1.1960522179157995e-07,1.2164023344615714e-09,1692.8625760376453,5.7220458984375e-06,116.36455726623535,1529.3561907857656,7.875371754169464,34.98315589129925,1.0,1e-05,-0.15944328270437358,0.0011,11,10,True,1.324189679462099e-06,2.0699116156163683e-06
1542675,1119744,187489,standard,from_u,1.0,14.359814391834764,-0.15944328270437358,-0.15944328270437358,y,0.0011,y,solve_direct_pardiso,gmres-phase,1,196,True,True,nan,1.2164023345928669e-09,1.1960522179157995e-07,1.2164023344615714e-09,1694.1950789242983,5.319714546203613e-06,117.09019215404987,1531.0572160035372,7.556753396987915,34.47765727341175,1.0,1e-05,-0.15944328270437358,0.0011,11,10,True,1.324189679462099e-06,2.0699116156163683e-06
1542675,1119744,187489,standard,from_u,1.0,19.051160148174265,-0.17357470914220485,-0.17357470914220485,y,0.0012000000000000001,y,solve_direct_pardiso,gmres-phase,1,203,True,True,nan,1.7118425359928235e-09,2.7191678320938865e-07,1.7118425327316546e-09,2042.314307436347,4.291534423828125e-06,138.05223052203655,1849.9336392134428,8.918629541993141,41.01060248911381,1.0,1e-05,-0.17357470914220485,0.0012000000000000001,12,12,True,4.09985230810902e-07,3.441054271512319e-06
1542675,1119744,187489,standard,from_u,1.0,19.051160148174265,-0.17357470914220485,-0.17357470914220485,y,0.0012000000000000001,y,solve_direct_pardiso,gmres-phase,1,203,True,True,nan,1.7118425359928235e-09,2.7191678320938865e-07,1.7118425327316546e-09,2036.5724276453257,4.157423973083496e-06,138.37172490358353,1843.2074694037437,8.762500807642937,41.94925005733967,1.0,1e-05,-0.17357470914220485,0.0012000000000000001,12,12,True,4.09985230810902e-07,3.441054271512319e-06
1542675,1119744,187489,standard,from_u,1.0,25.661280948522315,-0.18761487486351094,-0.18761487486351094,y,0.0013000000000000002,y,solve_direct_pardiso,gmres-phase,1,208,True,True,nan,5.079217138947891e-10,7.283174659866473e-07,5.07921716619334e-10,2002.5752582103014,4.246830940246582e-06,147.821225553751,1795.3194610476494,9.761002451181412,45.14595717191696,1.0,1e-05,-0.18761487486351094,0.0013000000000000002,13,13,True,1.0893932158632805e-06,4.8012755627293286e-06
1542675,1119744,187489,standard,from_u,1.0,25.661280948522315,-0.18761487486351094,-0.18761487486351094,y,0.0013000000000000002,y,solve_direct_pardiso,gmres-phase,1,208,True,True,nan,5.079217138947891e-10,7.283174659866473e-07,5.07921716619334e-10,1994.6996369063854,4.798173904418945e-06,149.78315536677837,1785.9151320159435,9.579167693853378,44.946249559521675,1.0,1e-05,-0.18761487486351094,0.0013000000000000002,13,13,True,1.0893932158632805e-06,4.8012755627293286e-06
1542675,1119744,187489,standard,from_u,1.0,35.310503575208756,-0.20155709607442715,-0.20155709607442715,y,0.0014,y,solve_direct_pardiso,gmres-phase,1,202,True,True,nan,4.0450656435346703e-10,1.3688631157073862e-05,4.045065623388519e-10,2258.5880226641893,4.932284355163574e-06,172.1052552163601,2019.453210785985,11.717126697301865,50.323368683457375,1.0,1e-05,-0.20155709607442715,0.0014,14,15,True,3.92147192542317e-07,3.7082587640835497e-06
1542675,1119744,187489,standard,from_u,1.0,35.310503575208756,-0.20155709607442715,-0.20155709607442715,y,0.0014,y,solve_direct_pardiso,gmres-phase,1,202,True,True,nan,4.0450656435346703e-10,1.3688631157073862e-05,4.045065623388519e-10,2265.246872857213,4.559755325317383e-06,173.07458898425102,2026.1976853609085,11.122559666633606,50.03931048512459,1.0,1e-05,-0.20155709607442715,0.0014,14,15,True,3.92147192542317e-07,3.7082587640835497e-06
1542675,1119744,187489,standard,from_u,1.0,49.301938071024246,-0.2153950682635572,-0.2153950682635572,y,0.0015,y,solve_direct_pardiso,gmres-phase,1,215,True,True,nan,5.630461604079146e-10,3.4298103547928693e-06,5.630461649847849e-10,2618.5858803242445,4.544854164123535e-06,202.09096565842628,2339.48438821733,13.763183176517487,58.12887862324715,1.0,1e-05,-0.2153950682635572,0.0015,15,18,True,2.1413710994220797e-06,7.370118439581599e-06
1542675,1119744,187489,standard,from_u,1.0,49.301938071024246,-0.2153950682635572,-0.2153950682635572,y,0.0015,y,solve_direct_pardiso,gmres-phase,1,215,True,True,nan,5.630461604079146e-10,3.4298103547928693e-06,5.630461649847849e-10,2659.6914265304804,4.306435585021973e-06,206.78457401692867,2375.9681143164635,13.447195678949356,58.16325902938843,1.0,1e-05,-0.2153950682635572,0.0015,15,18,True,2.1413710994220797e-06,7.370118439581599e-06
1542675,1119744,187489,standard,from_u,1.0,68.74092622253276,-0.2291257466036124,-0.2291257466036124,y,0.0016,y,solve_direct_pardiso,gmres-phase,1,209,True,True,nan,1.882370484455872e-10,0.0007854668838591253,1.8823704783897892e-10,2678.1641713678837,5.200505256652832e-06,191.01507648825645,2414.6002496629953,13.229584872722626,54.36707891523838,1.0,1e-05,-0.2291257466036124,0.0016,16,17,True,2.3205924643980124e-06,6.352787786418706e-06
1542675,1119744,187489,standard,from_u,1.0,68.74092622253276,-0.2291257466036124,-0.2291257466036124,y,0.0016,y,solve_direct_pardiso,gmres-phase,1,209,True,True,nan,1.882370484455872e-10,0.0007854668838591253,1.8823704783897892e-10,2746.9047424197197,4.51505184173584e-06,195.9689619243145,2479.6653447449207,12.463934689760208,53.9391673207283,1.0,1e-05,-0.2291257466036124,0.0016,16,17,True,2.3205924643980124e-06,6.352787786418706e-06
1542675,1119744,187489,standard,from_u,1.0,93.32596413670345,-0.24274815990957602,-0.24274815990957602,y,0.0017000000000000001,y,solve_direct_pardiso,gmres-phase,1,212,True,True,nan,1.783923360691255e-10,6.023851741591364e-07,1.78392335104237e-10,2706.956941500306,5.155801773071289e-06,190.60583785176277,2443.9193805754185,13.061498150229454,54.367523327469826,1.0,1e-05,-0.24274815990957602,0.0017000000000000001,17,17,True,1.1026493610571392e-06,6.27436504664848e-06
1542675,1119744,187489,standard,from_u,1.0,93.32596413670345,-0.24274815990957602,-0.24274815990957602,y,0.0017000000000000001,y,solve_direct_pardiso,gmres-phase,1,212,True,True,nan,1.783923360691255e-10,6.023851741591364e-07,1.78392335104237e-10,2791.9743716567755,5.7220458984375e-06,194.94222830235958,2524.096130385995,12.38145723938942,55.59240961074829,1.0,1e-05,-0.24274815990957602,0.0017000000000000001,17,17,True,1.1026493610571392e-06,6.27436504664848e-06
1542675,1119744,187489,standard,from_u,1.0,121.20673530069152,-0.2562632206118359,-0.2562632206118359,y,0.0018000000000000002,y,solve_direct_pardiso,gmres-phase,1,210,True,True,nan,1.8803406951304263e-10,0.00025051959142485504,1.8803406962381786e-10,2535.5128497481346,4.425644874572754e-06,179.02291230857372,2288.3741192668676,12.13654212653637,51.11945819854736,1.0,1e-05,-0.2562632206118359,0.0018000000000000002,18,16,True,2.4007600052069726e-07,5.52229222099995e-06
1542675,1119744,187489,standard,from_u,1.0,121.20673530069152,-0.2562632206118359,-0.2562632206118359,y,0.0018000000000000002,y,solve_direct_pardiso,gmres-phase,1,210,True,True,nan,1.8803406951304263e-10,0.00025051959142485504,1.8803406962381786e-10,2600.5454107522964,4.187226295471191e-06,185.40391731262207,2348.194083124399,11.716959103941917,50.53485944867134,1.0,1e-05,-0.2562632206118359,0.0018000000000000002,18,16,True,2.4007600052069726e-07,5.52229222099995e-06
1542675,1119744,187489,standard,from_u,1.0,150.28400302700913,-0.2696699083013149,-0.2696699083013149,y,0.0019,y,solve_direct_pardiso,gmres-phase,1,216,True,True,nan,1.227155667742166e-10,3.35543534526084e-05,1.2271555924817385e-10,2218.1422859430313,4.589557647705078e-06,157.27011743187904,2000.3622348308563,10.812073051929474,45.1971225887537,1.0,1e-05,-0.2696699083013149,0.0019,19,14,True,1.0240848784744812e-06,9.179567562184736e-06
1542675,1119744,187489,standard,from_u,1.0,150.28400302700913,-0.2696699083013149,-0.2696699083013149,y,0.0019,y,solve_direct_pardiso,gmres-phase,1,216,True,True,nan,1.227155667742166e-10,3.35543534526084e-05,1.2271555924817385e-10,2266.469927355647,4.678964614868164e-06,161.71916019916534,2044.3820083737373,10.469003051519394,45.331371426582336,1.0,1e-05,-0.2696699083013149,0.0019,19,14,True,1.0240848784744812e-06,9.179567562184736e-06
1542675,1119744,187489,standard,from_u,1.0,178.94826759126687,-0.28296587003475066,-0.28296587003475066,y,0.002,y,solve_direct_pardiso,gmres-phase,1,187,True,True,nan,3.919809919841543e-09,1.4581096899091322e-05,3.919809921701159e-09,3157.6926651597023,4.842877388000488e-06,217.5500173419714,2856.9524317234755,14.526668339967728,63.19838459789753,1.0,1e-05,-0.28296587003475066,0.002,20,19,True,1.635409765377284e-06,4.5464261300441495e-07
1542675,1119744,187489,standard,from_u,1.0,178.94826759126687,-0.28296587003475066,-0.28296587003475066,y,0.002,y,solve_direct_pardiso,gmres-phase,1,187,True,True,nan,3.919809919841543e-09,1.4581096899091322e-05,3.919809921701159e-09,2970.2196083813906,4.231929779052734e-06,214.43457838892937,2671.120817154646,20.346353709697723,59.12814536690712,1.0,1e-05,-0.28296587003475066,0.002,20,19,True,1.635409765377284e-06,4.5464261300441495e-07
1542675,1119744,187489,standard,from_u,1.0,206.00331833109578,-0.2961472127069315,-0.2961472127069315,y,0.0021000000000000003,y,solve_direct_pardiso,gmres-phase,1,214,True,True,nan,1.7459411922623027e-10,4.606108365730581e-07,1.7459411779360525e-10,2502.786792472005,4.991888999938965e-06,170.8902861624956,2263.6200851649046,11.177688986063004,52.15952958166599,1.0,1e-05,-0.2961472127069315,0.0021000000000000003,21,15,True,2.0143754647945915e-06,6.135185934379554e-06
1542675,1119744,187489,standard,from_u,1.0,206.00331833109578,-0.2961472127069315,-0.2961472127069315,y,0.0021000000000000003,y,solve_direct_pardiso,gmres-phase,1,214,True,True,nan,1.7459411922623027e-10,4.606108365730581e-07,1.7459411779360525e-10,2317.9035657197237,5.081295967102051e-06,168.87112551927567,2079.3594351410866,16.923294708132744,48.25539331138134,1.0,1e-05,-0.2961472127069315,0.0021000000000000003,21,15,True,2.0143754647945915e-06,6.135185934379554e-06
1542675,1119744,187489,standard,from_u,1.0,228.97944315537245,-0.30920880998156686,-0.30920880998156686,y,0.0022,y,solve_direct_pardiso,gmres-phase,1,219,True,True,nan,1.2847826721586448e-10,4.177496084916856e-05,1.2847826402570442e-10,2598.4472158551216,4.544854164123535e-06,190.98895786702633,2330.7910399585962,17.77191662788391,54.129123866558075,1.0,1e-05,-0.30920880998156686,0.0022,22,17,True,1.0747063478729114e-06,7.642774033475211e-06
1542675,1119744,187489,standard,from_u,1.0,228.97944315537245,-0.30920880998156686,-0.30920880998156686,y,0.0022,y,solve_direct_pardiso,gmres-phase,1,219,True,True,nan,1.2847826721586448e-10,4.177496084916856e-05,1.2847826402570442e-10,2852.1219319552183,4.172325134277344e-06,196.19376918673515,2578.998959645629,12.623060300946236,59.240149185061455,1.0,1e-05,-0.30920880998156686,0.0022,22,17,True,1.0747063478729114e-06,7.642774033475211e-06
1542675,1119744,187489,standard,from_u,1.0,281.64992394820683,-0.32214250558862245,-0.32214250558862245,y,0.0023,y,solve_direct_pardiso,gmres-phase,1,217,True,True,nan,1.2181960882700171e-10,5.136841499829602e-07,1.218196074313975e-10,2940.9576277136803,4.753470420837402e-06,213.93402037024498,2640.8743881881237,20.635343089699745,60.51479481160641,1.0,1e-05,-0.32214250558862245,0.0023,23,19,True,1.365199978729342e-06,7.297879212359047e-06
1542675,1119744,187489,standard,from_u,1.0,281.64992394820683,-0.32214250558862245,-0.32214250558862245,y,0.0023,y,solve_direct_pardiso,gmres-phase,1,217,True,True,nan,1.2181960882700171e-10,5.136841499829602e-07,1.218196074313975e-10,3170.093829974532,4.380941390991211e-06,218.26442059874535,2867.186849743128,13.914302945137024,65.15396995842457,1.0,1e-05,-0.32214250558862245,0.0023,23,19,True,1.365199978729342e-06,7.297879212359047e-06
1542675,1119744,187489,standard,from_u,1.0,305.2657509598623,-0.33494112963879025,-0.33494112963879025,y,0.0024000000000000002,y,solve_direct_pardiso,gmres-phase,1,207,True,True,nan,2.8995362075363595e-10,2.2404767291312674e-10,2.8995362041674033e-10,3460.8182237297297,4.246830940246582e-06,271.06210820376873,3082.8878660798073,25.673568099737167,75.50028213858604,1.0,1e-05,-0.33494112963879025,0.0024000000000000002,24,24,True,6.239675691699363e-07,2.9049561174139036e-06
1542675,1119744,187489,standard,from_u,1.0,305.2657509598623,-0.33494112963879025,-0.33494112963879025,y,0.0024000000000000002,y,solve_direct_pardiso,gmres-phase,1,207,True,True,nan,2.8995362075363595e-10,2.2404767291312674e-10,2.8995362041674033e-10,3700.9543478786945,4.604458808898926e-06,276.5250371992588,3319.865927696228,17.6355007737875,80.83202838897705,1.0,1e-05,-0.33494112963879025,0.0024000000000000002,24,24,True,6.239675691699363e-07,2.9049561174139036e-06
1542675,1119744,187489,standard,from_u,1.0,329.84302490879094,-0.3475674594310546,-0.3475674594310546,y,0.0025,y,solve_direct_pardiso,gmres-phase,1,196,True,True,nan,7.821079535982607e-10,0.0006930962033943015,7.821079536905524e-10,4523.906199753284,4.306435585021973e-06,356.158284753561,4028.800531923771,33.477956995368004,98.56479097902775,1.0,1e-05,-0.3475674594310546,0.0025,25,31,True,5.944585923785515e-06,1.013764938105599e-06
1542675,1119744,187489,standard,from_u,1.0,329.84302490879094,-0.3475674594310546,-0.3475674594310546,y,0.0025,y,solve_direct_pardiso,gmres-phase,1,196,True,True,nan,7.821079535982607e-10,0.0006930962033943015,7.821079536905524e-10,5025.302511140704,4.9620866775512695e-06,372.4695376455784,4511.693292960525,25.069322526454926,108.96483533084393,1.0,1e-05,-0.3475674594310546,0.0025,25,31,True,5.944585923785515e-06,1.013764938105599e-06
1542675,1119744,187489,standard,from_u,1.0,353.317564927891,-0.3599834537592508,-0.3599834537592508,y,0.0026000000000000003,y,solve_direct_pardiso,gmres-phase,1,210,True,True,nan,1.9482340677727605e-10,6.169523478264921e-07,1.9482340791293622e-10,4997.190671503544,5.230307579040527e-06,382.98481284081936,4470.407102257013,26.365344986319542,110.21357315778732,1.0,1e-05,-0.3599834537592508,0.0026000000000000003,26,31,True,4.602679181418463e-06,3.850212107872075e-06
1542675,1119744,187489,standard,from_u,1.0,353.317564927891,-0.3599834537592508,-0.3599834537592508,y,0.0026000000000000003,y,solve_direct_pardiso,gmres-phase,1,210,True,True,nan,1.9482340677727605e-10,6.169523478264921e-07,1.9482340791293622e-10,4896.608562991023,4.634261131286621e-06,360.9874528795481,4398.297677010298,24.747214153409004,105.51843594014645,1.0,1e-05,-0.3599834537592508,0.0026000000000000003,26,31,True,4.602679181418463e-06,3.850212107872075e-06
1542675,1119744,187489,standard,from_u,1.0,372.5905247678499,-0.37213424587166893,-0.37213424587166893,y,0.0027,y,solve_direct_pardiso,gmres-phase,1,206,True,True,nan,2.965161815302813e-10,1.748474703966623e-05,2.965161848870316e-10,5822.253514587879,4.649162292480469e-06,442.42236879467964,5212.945356205106,29.574241757392883,129.32584463059902,1.0,1e-05,-0.37213424587166893,0.0027,27,39,True,2.589075735693341e-07,2.424985249607622e-06
1542675,1119744,187489,standard,from_u,1.0,372.5905247678499,-0.37213424587166893,-0.37213424587166893,y,0.0027,y,solve_direct_pardiso,gmres-phase,1,206,True,True,nan,2.965161815302813e-10,1.748474703966623e-05,2.965161848870316e-10,5888.027163594961,3.933906555175781e-06,440.8322337567806,5279.6077395528555,30.35370036959648,129.17464703321457,1.0,1e-05,-0.37213424587166893,0.0027,27,39,True,2.589075735693341e-07,2.424985249607622e-06
1542675,1119744,187489,standard,from_u,1.0,485.8939454848789,-0.383933005539012,-0.383933005539012,y,0.0028,y,solve_direct_pardiso,gmres-phase,1,196,True,True,nan,9.8769062117176e-11,7.394915192013544e-07,9.87690587700273e-11,5997.031813696027,4.202127456665039e-06,451.13019958138466,5381.0700384527445,30.025679349899292,126.79629534482956,1.0,1e-05,-0.383933005539012,0.0028,28,40,True,3.568663046431959e-06,9.992385124447299e-06
1542675,1119744,187489,standard,from_u,1.0,485.8939454848789,-0.383933005539012,-0.383933005539012,y,0.0028,y,solve_direct_pardiso,gmres-phase,1,196,True,True,nan,9.8769062117176e-11,7.394915192013544e-07,9.87690587700273e-11,6057.705174908042,4.76837158203125e-06,448.5267051458359,5445.089917570353,30.25507442653179,125.73246550559998,1.0,1e-05,-0.383933005539012,0.0028,28,40,True,3.568663046431959e-06,9.992385124447299e-06
1542675,1119744,187489,standard,from_u,1.0,534.2742460760165,-0.3953731811471077,-0.3953731811471077,y,0.0029000000000000002,y,solve_direct_pardiso,gmres-phase,1,218,True,True,nan,1.3436358291793057e-10,8.163893053756486e-08,1.3436358224215115e-10,6349.151507943869,4.336237907409668e-06,483.2850282341242,5687.949524670839,32.63311170041561,136.9110040962696,1.0,1e-05,-0.3953731811471077,0.0029000000000000002,29,43,True,1.6450874443314083e-06,5.590873502068135e-06
1542675,1119744,187489,standard,from_u,1.0,534.2742460760165,-0.3953731811471077,-0.3953731811471077,y,0.0029000000000000002,y,solve_direct_pardiso,gmres-phase,1,218,True,True,nan,1.3436358291793057e-10,8.163893053756486e-08,1.3436358224215115e-10,6446.441530287266,4.06801700592041e-06,479.3285678178072,5787.888148993254,32.542081251740456,138.13520669937134,1.0,1e-05,-0.3953731811471077,0.0029000000000000002,29,43,True,1.6450874443314083e-06,5.590873502068135e-06
1542675,1119744,187489,standard,from_u,1.0,635.1636925792468,-0.4065973884144291,-0.4065973884144291,y,0.003,y,solve_direct_pardiso,gmres-phase,1,177,True,True,nan,9.525446241094139e-11,2.792376542469444e-05,9.525446468381727e-11,5709.041758269072,4.783272743225098e-06,438.77453093230724,5116.147517710924,28.972841411828995,117.26913049817085,1.0,1e-05,-0.4065973884144291,0.003,30,39,True,1.4574038920041263e-06,7.859659746159458e-06
1542675,1119744,187489,standard,from_u,1.0,635.1636925792468,-0.4065973884144291,-0.4065973884144291,y,0.003,y,solve_direct_pardiso,gmres-phase,1,177,True,True,nan,9.525446241094139e-11,2.792376542469444e-05,9.525446468381727e-11,5803.295321017504,4.708766937255859e-06,436.06828194856644,5210.574793249369,29.458429723978043,119.1830433756113,1.0,1e-05,-0.4065973884144291,0.003,30,39,True,1.4574038920041263e-06,7.859659746159458e-06
1542675,1119744,187489,standard,from_u,1.0,1134.1296438731406,-0.41775971268373524,-0.41775971268373524,y,0.0031000000000000003,y,solve_direct_pardiso,gmres-phase,1,173,True,True,nan,9.872364275494266e-11,1.9549333854678417e-06,9.872364181226829e-11,6070.908595576882,4.76837158203125e-06,461.35844418406487,5445.662884235382,30.84366224706173,124.87633222341537,1.0,1e-05,-0.41775971268373524,0.0031000000000000003,31,41,True,1.0076834502264403e-06,2.2691415455456665e-06
1542675,1119744,187489,standard,from_u,1.0,1134.1296438731406,-0.41775971268373524,-0.41775971268373524,y,0.0031000000000000003,y,solve_direct_pardiso,gmres-phase,1,173,True,True,nan,9.872364275494266e-11,1.9549333854678417e-06,9.872364181226829e-11,6159.604380741715,4.708766937255859e-06,458.36270655691624,5538.478507384658,31.265725642442703,123.18582783639431,1.0,1e-05,-0.41775971268373524,0.0031000000000000003,31,41,True,1.0076834502264403e-06,2.2691415455456665e-06
1542675,1119744,187489,standard,from_u,1.0,1387.5437092161924,-0.42893897115716734,-0.42893897115716734,y,0.0032,y,solve_direct_pardiso,gmres-phase,1,227,True,True,nan,2.1042189997183602e-10,9.482157049986238e-07,2.1042189131152242e-10,5577.715611547232,4.544854164123535e-06,426.00120466947556,4991.299631327391,28.79274393618107,123.92745524644852,1.0,1e-05,-0.42893897115716734,0.0032,32,38,True,4.742124856019413e-06,9.524009299681002e-06
1542675,1119744,187489,standard,from_u,1.0,1387.5437092161924,-0.42893897115716734,-0.42893897115716734,y,0.0032,y,solve_direct_pardiso,gmres-phase,1,227,True,True,nan,2.1042189997183602e-10,9.482157049986238e-07,2.1042189131152242e-10,5654.156972378492,4.32133674621582e-06,421.9547326564789,5069.542904555798,29.182968765497208,125.5700880587101,1.0,1e-05,-0.42893897115716734,0.0032,32,38,True,4.742124856019413e-06,9.524009299681002e-06
1542675,1119744,187489,standard,from_u,1.0,1481.187838673594,-0.44015702216167346,-0.44015702216167346,y,0.0033,y,solve_direct_pardiso,gmres-phase,1,219,True,True,nan,9.893427425307641e-11,1.1730632873794125e-08,9.893427427364384e-11,4824.622600659728,4.693865776062012e-06,369.4601208716631,4315.029430359602,24.961047053337097,108.10527092218399,1.0,1e-05,-0.44015702216167346,0.0033,33,33,True,2.8769020966727304e-06,6.0671596844757945e-06
1542675,1119744,187489,standard,from_u,1.0,1481.187838673594,-0.44015702216167346,-0.44015702216167346,y,0.0033,y,solve_direct_pardiso,gmres-phase,1,219,True,True,nan,9.893427425307641e-11,1.1730632873794125e-08,9.893427427364384e-11,4914.328918218613,4.604458808898926e-06,367.9346572756767,4405.723726436496,25.289871469140053,108.31220604479313,1.0,1e-05,-0.44015702216167346,0.0033,33,33,True,2.8769020966727304e-06,6.0671596844757945e-06
1542675,1119744,187489,standard,from_u,1.0,1578.1519368082218,-0.4514039832167226,-0.4514039832167226,y,0.0034000000000000002,y,solve_direct_pardiso,gmres-phase,1,226,True,True,nan,9.988917366124877e-11,2.3613367747890055e-05,9.988917248212574e-11,4456.679567307234,4.4405460357666016e-06,334.760902300477,3992.4797982871532,23.110249027609825,99.61946880817413,1.0,1e-05,-0.4514039832167226,0.0034000000000000002,34,30,True,1.7426437650073794e-06,9.433015463637984e-06
1542675,1119744,187489,standard,from_u,1.0,1578.1519368082218,-0.4514039832167226,-0.4514039832167226,y,0.0034000000000000002,y,solve_direct_pardiso,gmres-phase,1,226,True,True,nan,9.988917366124877e-11,2.3613367747890055e-05,9.988917248212574e-11,4489.513697400689,4.26173210144043e-06,334.800717651844,4023.5155119150877,22.79222111403942,101.57791367173195,1.0,1e-05,-0.4514039832167226,0.0034000000000000002,34,30,True,1.7426437650073794e-06,9.433015463637984e-06
1542675,1119744,187489,standard,from_u,1.0,1678.082814164134,-0.46266430234857936,-0.46266430234857936,y,0.0035,y,solve_direct_pardiso,gmres-phase,1,221,True,True,nan,4.021417049295406e-10,4.232320459522375e-05,4.021417036735622e-10,5317.305488571525,4.604458808898926e-06,389.98355373740196,4768.423171401024,26.596276268363,124.91566750407219,1.0,1e-05,-0.46266430234857936,0.0035,35,35,True,4.8318229137169664e-06,2.5195847956458664e-06
1542675,1119744,187489,standard,from_u,1.0,1678.082814164134,-0.46266430234857936,-0.46266430234857936,y,0.0035,y,solve_direct_pardiso,gmres-phase,1,221,True,True,nan,4.021417049295406e-10,4.232320459522375e-05,4.021417036735622e-10,5388.975534066558,3.814697265625e-06,391.06577433645725,4840.459280207753,26.687416076660156,123.30272142589092,1.0,1e-05,-0.46266430234857936,0.0035,35,35,True,4.8318229137169664e-06,2.5195847956458664e-06
1542675,1119744,187489,standard,from_u,1.0,1783.125629311437,-0.4739211192460076,-0.4739211192460076,y,0.0036000000000000003,y,solve_direct_pardiso,gmres-phase,1,199,True,True,nan,9.658468830057927e-11,1.3423081998309387e-10,9.658468830371672e-11,4053.844590216875,4.559755325317383e-06,300.47690914571285,3636.4841945171356,19.772307738661766,90.73461019992828,1.0,1e-05,-0.4739211192460076,0.0036000000000000003,36,27,True,4.771601610588976e-06,9.840886049585496e-06
1542675,1119744,187489,standard,from_u,1.0,1783.125629311437,-0.4739211192460076,-0.4739211192460076,y,0.0036000000000000003,y,solve_direct_pardiso,gmres-phase,1,199,True,True,nan,9.658468830057927e-11,1.3423081998309387e-10,9.658468830371672e-11,4084.3723945766687,4.276633262634277e-06,308.21319979429245,3655.486159592867,20.84606309235096,93.35507547855377,1.0,1e-05,-0.4739211192460076,0.0036000000000000003,36,27,True,4.771601610588976e-06,9.840886049585496e-06
1542675,1119744,187489,standard,from_u,1.0,1888.4747341995471,-0.4851543721712113,-0.4851543721712113,y,0.0037,y,solve_direct_pardiso,gmres-phase,1,207,True,True,nan,9.745978789542481e-11,2.7586173382054997e-08,9.745978631228242e-11,4027.9329382181168,4.32133674621582e-06,304.7239959985018,3600.5568448752165,20.471134513616562,95.73195692896843,1.0,1e-05,-0.4851543721712113,0.0037,37,27,True,2.4650942682652665e-06,6.366789200970296e-06
1542675,1119744,187489,standard,from_u,1.0,1888.4747341995471,-0.4851543721712113,-0.4851543721712113,y,0.0037,y,solve_direct_pardiso,gmres-phase,1,207,True,True,nan,9.745978789542481e-11,2.7586173382054997e-08,9.745978631228242e-11,4052.9433649927378,4.5746564865112305e-06,300.76362389326096,3628.598289862275,20.50313900411129,96.7649582028389,1.0,1e-05,-0.4851543721712113,0.0037,37,27,True,2.4650942682652665e-06,6.366789200970296e-06
1542675,1119744,187489,standard,from_u,1.0,1991.9301302028184,-0.4963532671171418,-0.4963532671171418,y,0.0038,y,solve_direct_pardiso,gmres-phase,1,243,True,True,nan,4.3773160376312537e-10,1.7061887330601226e-06,4.3773161490948013e-10,4553.9018326848745,4.932284355163574e-06,347.06297582387924,4057.9108896255493,23.516257613897324,118.52397778630257,1.0,1e-05,-0.4963532671171418,0.0038,38,31,True,2.740680414724209e-06,5.722112930829378e-06
1542675,1119744,187489,standard,from_u,1.0,1991.9301302028184,-0.4963532671171418,-0.4963532671171418,y,0.0038,y,solve_direct_pardiso,gmres-phase,1,243,True,True,nan,4.3773160376312537e-10,1.7061887330601226e-06,4.3773161490948013e-10,4603.959583029151,4.51505184173584e-06,343.60122223198414,4112.30002194643,23.642247647047043,117.53874203562737,1.0,1e-05,-0.4963532671171418,0.0038,38,31,True,2.740680414724209e-06,5.722112930829378e-06
1542675,1119744,187489,standard,from_u,1.0,2089.4377416819375,-0.5075072157183029,-0.5075072157183029,y,0.0039000000000000003,y,solve_direct_pardiso,gmres-phase,1,205,True,True,nan,9.817635935957065e-11,8.403677589550028e-07,9.817636064215092e-11,3866.8012437969446,4.395842552185059e-06,289.9996389001608,3457.6783476918936,19.310568407177925,93.69127923250198,1.0,1e-05,-0.5075072157183029,0.0039000000000000003,39,26,True,5.379776327376302e-06,5.862454209695777e-06
1542675,1119744,187489,standard,from_u,1.0,2089.4377416819375,-0.5075072157183029,-0.5075072157183029,y,0.0039000000000000003,y,solve_direct_pardiso,gmres-phase,1,205,True,True,nan,9.817635935957065e-11,8.403677589550028e-07,9.817636064215092e-11,3933.089446812868,3.993511199951172e-06,290.3792938441038,3522.563275977969,19.647791668772697,94.27647671103477,1.0,1e-05,-0.5075072157183029,0.0039000000000000003,39,26,True,5.379776327376302e-06,5.862454209695777e-06
1542675,1119744,187489,standard,from_u,1.0,2183.1594290269986,-0.5186041992274575,-0.5186041992274575,y,0.004,y,solve_direct_pardiso,gmres-phase,1,195,True,True,nan,9.504168372704984e-11,5.191995625983813e-07,9.504168479939762e-11,4588.361865714192,4.276633262634277e-06,312.3663451522589,4149.722015932202,20.465606689453125,99.45842042565346,1.0,1e-05,-0.5186041992274575,0.004,40,28,True,3.943410518077414e-06,3.0751338928322507e-06
1542675,1119744,187489,standard,from_u,1.0,2183.1594290269986,-0.5186041992274575,-0.5186041992274575,y,0.004,y,solve_direct_pardiso,gmres-phase,1,195,True,True,nan,9.504168372704984e-11,5.191995625983813e-07,9.504168479939762e-11,4660.366471722722,4.32133674621582e-06,313.09612299501896,4220.039543181658,21.26942527294159,99.49091067910194,1.0,1e-05,-0.5186041992274575,0.004,40,28,True,3.943410518077414e-06,3.0751338928322507e-06
1542675,1119744,187489,standard,from_u,1.0,2264.2747744470266,-0.5296368368079719,-0.5296368368079719,y,0.0041,y,solve_direct_pardiso,gmres-phase,1,169,True,True,nan,9.615255886754133e-11,7.768054214731062e-09,9.615255577357992e-11,4142.768050253391,5.02169132232666e-06,313.0463893264532,3705.10632096231,20.8653594404459,97.41930508613586,1.0,1e-05,-0.5296368368079719,0.0041,41,28,True,1.5587832808665212e-07,1.266331783693646e-06
1542675,1119744,187489,standard,from_u,1.0,2264.2747744470266,-0.5296368368079719,-0.5296368368079719,y,0.0041,y,solve_direct_pardiso,gmres-phase,1,169,True,True,nan,9.615255886754133e-11,7.768054214731062e-09,9.615255577357992e-11,4166.037279590964,5.081295967102051e-06,311.694399446249,3732.0992460101843,21.22438934445381,94.26780369877815,1.0,1e-05,-0.5296368368079719,0.0041,41,28,True,1.5587832808665212e-07,1.266331783693646e-06
1542675,1119744,187489,standard,from_u,1.0,2283.2701701166197,-0.5405801954866643,-0.5405801954866643,y,0.004200000000000001,y,solve_direct_pardiso,gmres-phase,1,194,True,True,nan,9.294585413365671e-11,8.125512626351739e-13,9.294585191984963e-11,5493.916173398495,4.5299530029296875e-06,412.64403377473354,4911.657291054726,27.430958822369576,134.64838951826096,1.0,1e-05,-0.5405801954866643,0.004200000000000001,42,37,True,6.70942834484879e-06,7.966865783540627e-06
1542675,1119744,187489,standard,from_u,1.0,2283.2701701166197,-0.5405801954866643,-0.5405801954866643,y,0.004200000000000001,y,solve_direct_pardiso,gmres-phase,1,194,True,True,nan,9.294585413365671e-11,8.125512626351739e-13,9.294585191984963e-11,5514.740620404482,4.306435585021973e-06,411.86215752363205,4936.01344743371,27.687508434057236,131.55591525137424,1.0,1e-05,-0.5405801954866643,0.004200000000000001,42,37,True,6.70942834484879e-06,7.966865783540627e-06
1542675,1119744,187489,standard,from_u,1.0,2283.2701701166197,-0.5513264799802662,-0.5513264799802662,y,0.0043,y,solve_direct_pardiso,gmres-phase,1,241,True,True,nan,9.600820710611356e-11,8.096180690055883e-06,9.600820721169722e-11,7793.475942894816,4.32133674621582e-06,587.930442661047,6958.683186888695,38.150397166609764,199.03284864127636,1.0,1e-05,-0.5513264799802662,0.0043,43,50,False,0.0003180499923667225,0.00035746936083981724
1542675,1119744,187489,standard,from_u,1.0,2283.2701701166197,-0.5513264799802662,-0.5513264799802662,y,0.0043,y,solve_direct_pardiso,gmres-phase,1,241,True,True,nan,9.600820710611356e-11,8.096180690055883e-06,9.600820721169722e-11,7941.712713196874,4.827976226806641e-06,586.2810508459806,7106.393826738,39.126970395445824,200.19477127492428,1.0,1e-05,-0.5513264799802662,0.0043,43,50,False,0.0003180499923667225,0.00035746936083981724
1542675,1119744,187489,standard,from_u,1.0,2334.572415796545,-0.5620351895470256,-0.5620351895470256,y,0.0044,y,solve_direct_pardiso,gmres-phase,1,274,True,True,nan,9.862389882162659e-11,9.876213951265014e-06,9.862390478366795e-11,7739.936941474676,4.664063453674316e-06,558.5211062282324,6934.95084220171,37.63177838921547,199.38912737369537,1.0,1e-05,-0.5620351895470256,0.0044,44,50,False,0.002029153555017805,0.002509689331595472
1542675,1119744,187489,standard,from_u,1.0,2334.572415796545,-0.5620351895470256,-0.5620351895470256,y,0.0044,y,solve_direct_pardiso,gmres-phase,1,274,True,True,nan,9.862389882162659e-11,9.876213951265014e-06,9.862390478366795e-11,7806.548425540328,4.693865776062012e-06,556.6034483909607,7004.238652810454,37.78781859576702,198.24968308210373,1.0,1e-05,-0.5620351895470256,0.0044,44,50,False,0.002029153555017805,0.002509689331595472
1542675,1119744,187489,standard,from_u,1.0,2442.3556463457453,-0.572569883660445,-0.572569883660445,y,0.0045000000000000005,y,solve_direct_pardiso,gmres-phase,1,302,True,True,nan,9.705888242704333e-11,2.278114591627234e-10,9.705888024277392e-11,7465.884061068296,4.634261131286621e-06,559.7473519146442,6641.5435999929905,37.57937903702259,217.5640958994627,1.0,1e-05,-0.572569883660445,0.0045000000000000005,45,50,False,0.003288076426705859,0.003916995630921163
1542675,1119744,187489,standard,from_u,1.0,2442.3556463457453,-0.572569883660445,-0.572569883660445,y,0.0045000000000000005,y,solve_direct_pardiso,gmres-phase,1,302,True,True,nan,9.705888242704333e-11,2.278114591627234e-10,9.705888024277392e-11,7654.127852335572,4.291534423828125e-06,561.2863144427538,6824.058999702334,38.308243587613106,220.90302769839764,1.0,1e-05,-0.572569883660445,0.0045000000000000005,45,50,False,0.003288076426705859,0.003916995630921163
1542675,1119744,187489,standard,from_u,1.0,2552.2846906339623,-0.5828879477777023,-0.5828879477777023,y,0.0046,y,solve_direct_pardiso,gmres-phase,1,329,True,True,nan,9.657295781469974e-11,3.558333220958819e-06,9.657295131260929e-11,7707.6237648278475,4.336237907409668e-06,585.6394171565771,6788.289558798075,48.68887688219547,275.4536259174347,1.0,1e-05,-0.5828879477777023,0.0046,46,50,False,0.007931667778616952,0.007496701384201151
1542675,1119744,187489,standard,from_u,1.0,2552.2846906339623,-0.5828879477777023,-0.5828879477777023,y,0.0046,y,solve_direct_pardiso,gmres-phase,1,329,True,True,nan,9.657295781469974e-11,3.558333220958819e-06,9.657295131260929e-11,7942.217347383499,4.291534423828125e-06,576.9593291282654,7040.751982465386,39.160048082470894,275.6184998601675,1.0,1e-05,-0.5828879477777023,0.0046,46,50,False,0.007931667778616952,0.007496701384201151
1542675,1119744,187489,standard,from_u,1.0,2664.4841088647618,-0.5929144046017651,-0.5929144046017651,y,0.0047,y,solve_direct_pardiso,gmres-phase,1,365,True,True,nan,9.7443674263262e-11,1.8910857829277745e-06,9.744367398283105e-11,7453.07249340415,4.425644874572754e-06,557.6902687549591,6571.62942969799,50.897596299648285,263.69496923685074,1.0,1e-05,-0.5929144046017651,0.0047,47,50,False,0.016372426280531826,0.023006240295988953
1542675,1119744,187489,standard,from_u,1.0,2664.4841088647618,-0.5929144046017651,-0.5929144046017651,y,0.0047,y,solve_direct_pardiso,gmres-phase,1,365,True,True,nan,9.7443674263262e-11,1.8910857829277745e-06,9.744367398283105e-11,7723.891343429685,5.140900611877441e-06,562.4621993303299,6838.017443105578,38.366988226771355,275.4884940087795,1.0,1e-05,-0.5929144046017651,0.0047,47,50,False,0.016372426280531826,0.023006240295988953
1542675,1119744,187489,standard,from_u,1.0,2778.9204056043454,-0.6024652994778816,-0.6024652994778816,y,0.0048000000000000004,y,solve_direct_pardiso,gmres-phase,1,411,True,True,nan,9.993525665039265e-11,8.430987177916855e-06,9.993525498482806e-11,7527.7255467921495,4.976987838745117e-06,561.416750729084,6610.042480096221,37.70775583386421,309.1935933679342,1.0,1e-05,-0.6024652994778816,0.0048000000000000004,48,50,False,0.024390239598947504,0.02781796475751442
1542675,1119744,187489,standard,from_u,1.0,2778.9204056043454,-0.6024652994778816,-0.6024652994778816,y,0.0048000000000000004,y,solve_direct_pardiso,gmres-phase,1,411,True,True,nan,9.993525665039265e-11,8.430987177916855e-06,9.993525498482806e-11,7622.1940042972565,4.589557647705078e-06,560.6753325015306,6705.994037926197,37.689639911055565,308.361872702837,1.0,1e-05,-0.6024652994778816,0.0048000000000000004,48,50,False,0.024390239598947504,0.02781796475751442
1542675,1119744,187489,standard,from_u,1.0,2895.2819693349184,-0.6109515143518838,-0.6109515143518838,y,0.0049,y,solve_direct_pardiso,gmres-phase,1,442,True,True,nan,9.788519231913622e-11,4.254715090124224e-06,9.788519161591103e-11,7461.571899473667,5.0961971282958984e-06,557.7218742668629,6526.709025338292,37.216346979141235,330.5431166142225,1.0,1e-05,-0.6109515143518838,0.0049,49,50,False,0.026363629989097727,0.04130202513386497
1542675,1119744,187489,standard,from_u,1.0,2895.2819693349184,-0.6109515143518838,-0.6109515143518838,y,0.0049,y,solve_direct_pardiso,gmres-phase,1,442,True,True,nan,9.788519231913622e-11,4.254715090124224e-06,9.788519161591103e-11,7564.205943390727,5.27501106262207e-06,560.1956735104322,6623.110070422292,38.39557269215584,332.9698324948549,1.0,1e-05,-0.6109515143518838,0.0049,49,50,False,0.026363629989097727,0.04130202513386497
1542675,1119744,187489,standard,from_u,1.0,3013.476983415235,-0.6121124861332429,-0.6121124861332429,y,0.005,y,solve_direct_pardiso,gmres-phase,1,501,True,True,nan,9.828596425203422e-11,8.360694753362783e-10,9.828596723688508e-11,7414.086983814836,4.0531158447265625e-06,559.7294574677944,6425.2735119611025,37.68249586224556,382.0228718072176,1.0,1e-05,-0.6121124861332429,0.005,50,50,False,0.019418372403340916,0.11627337617336371
1542675,1119744,187489,standard,from_u,1.0,3013.476983415235,-0.6121124861332429,-0.6121124861332429,y,0.005,y,solve_direct_pardiso,gmres-phase,1,501,True,True,nan,9.828596425203422e-11,8.360694753362783e-10,9.828596723688508e-11,7480.046002104878,4.708766937255859e-06,558.3720802217722,6490.124007970095,37.838796973228455,384.2187928855419,1.0,1e-05,-0.6121124861332429,0.005,50,50,False,0.019418372403340916,0.11627337617336371
1542675,1119744,187489,standard,from_u,1.0,3021.9454159282022,-0.5992758817426475,-0.5992758817426475,y,0.00501,y,solve_direct_pardiso,gmres-phase,1,517,True,True,nan,9.777594958220498e-11,3.6226291708158532e-06,9.77759413102706e-11,7366.125649169087,4.813075065612793e-06,556.7526338398457,6371.6867713183165,37.49651302397251,390.81146362423897,1.0,1e-05,-0.5992758817426475,0.00501,51,50,False,0.2414873648382243,0.9316669133374108
1542675,1119744,187489,standard,from_u,1.0,3021.9454159282022,-0.5992758817426475,-0.5992758817426475,y,0.00501,y,solve_direct_pardiso,gmres-phase,1,517,True,True,nan,9.777594958220498e-11,3.6226291708158532e-06,9.77759413102706e-11,7446.686848118901,5.0514936447143555e-06,559.7875436097383,6449.066198036075,37.94682338833809,390.3514661490917,1.0,1e-05,-0.5992758817426475,0.00501,51,50,False,0.2414873648382243,0.9316669133374108
1542675,1119744,187489,standard,from_u,1.0,3029.0815418466073,-0.5859854665918321,-0.5859854665918321,y,0.00502,y,solve_direct_pardiso,gmres-phase,1,537,True,True,nan,9.422078389252456e-11,1.502750761275819e-06,9.422078775205053e-11,7601.826029539108,4.410743713378906e-06,558.8939731270075,6587.517328739166,37.82673980295658,408.2071166485548,1.0,1e-05,-0.5859854665918321,0.00502,52,50,False,0.23993798245162626,0.738216941430494
1542675,1119744,187489,standard,from_u,1.0,3029.0815418466073,-0.5859854665918321,-0.5859854665918321,y,0.00502,y,solve_direct_pardiso,gmres-phase,1,537,True,True,nan,9.422078389252456e-11,1.502750761275819e-06,9.422078775205053e-11,7702.564324393868,4.51505184173584e-06,560.2568240761757,6687.051259249449,38.19208839535713,407.5185216367245,1.0,1e-05,-0.5859854665918321,0.00502,52,50,False,0.23993798245162626,0.738216941430494
1542675,1119744,187489,standard,from_u,1.0,3034.752763833172,-0.5730777284339577,-0.5730777284339577,y,0.00503,y,solve_direct_pardiso,gmres-phase,1,571,True,True,nan,9.906166999610172e-11,2.6857492752782073e-05,9.906166550152054e-11,7582.955470487475,4.76837158203125e-06,557.6579612493515,6553.461977437139,38.1231245547533,424.2854112237692,1.0,1e-05,-0.5730777284339577,0.00503,53,50,False,0.10962809283358663,0.7731121335826648
1542675,1119744,187489,standard,from_u,1.0,3034.752763833172,-0.5730777284339577,-0.5730777284339577,y,0.00503,y,solve_direct_pardiso,gmres-phase,1,571,True,True,nan,9.906166999610172e-11,2.6857492752782073e-05,9.906166550152054e-11,7653.290305450559,4.336237907409668e-06,561.8749768286943,6619.571885228157,38.38460473716259,423.95191088318825,1.0,1e-05,-0.5730777284339577,0.00503,53,50,False,0.10962809283358663,0.7731121335826648
1542675,1119744,187489,standard,from_u,1.0,3039.5514997030436,-0.5601919579624555,-0.5601919579624555,y,0.00504,y,solve_direct_pardiso,gmres-phase,1,590,True,True,nan,9.695977942058956e-11,5.266172117673737e-07,9.695977389806461e-11,7612.164424538612,4.902482032775879e-06,561.7762575000525,6565.667555421591,37.64326795935631,437.642042696476,1.0,1e-05,-0.5601919579624555,0.00504,54,50,False,0.1131432653019853,0.7521981551578648
1542675,1119744,187489,standard,from_u,1.0,3039.5514997030436,-0.5601919579624555,-0.5601919579624555,y,0.00504,y,solve_direct_pardiso,gmres-phase,1,590,True,True,nan,9.695977942058956e-11,5.266172117673737e-07,9.695977389806461e-11,7645.485958456993,4.112720489501953e-06,560.9489763975143,6600.367757946253,37.75420442223549,436.91319009661674,1.0,1e-05,-0.5601919579624555,0.00504,54,50,False,0.1131432653019853,0.7521981551578648
1542675,1119744,187489,standard,from_u,1.0,3043.561052358658,-0.5470618674246799,-0.5470618674246799,y,0.00505,y,solve_direct_pardiso,gmres-phase,1,608,True,True,nan,9.963662698344565e-11,6.111796864750928e-06,9.96366291749629e-11,7780.661845877767,4.9620866775512695e-06,561.4981280267239,6724.841079726815,37.94391958415508,446.96000169217587,1.0,1e-05,-0.5470618674246799,0.00505,55,50,False,0.13053229307855643,0.8051760101546707
1542675,1119744,187489,standard,from_u,1.0,3043.561052358658,-0.5470618674246799,-0.5470618674246799,y,0.00505,y,solve_direct_pardiso,gmres-phase,1,608,True,True,nan,9.963662698344565e-11,6.111796864750928e-06,9.96366291749629e-11,9499.78090891242,4.604458808898926e-06,718.0070866793394,8167.392683252692,53.48750449717045,549.5582374632359,1.0,1e-05,-0.5470618674246799,0.00505,55,50,False,0.13053229307855643,0.8051760101546707
